基金代码,基金简称,基金类型,净值,净值日期_原始月日,申购状态,赎回状态,下一开放日,购买起点_原始,日累计限额_原始,原始字段10,原始字段11,手续费
000041,华夏全球股票(QDII)(人民币),QDII-普通股票,1.3770,09-09,限大额,开放赎回,,10.0,10000.0,1.0,1,0.16%
000043,嘉实美国成长股票人民币,QDII-普通股票,6.2720,09-09,限大额,开放赎回,,10.0,100.0,1.0,1,0.15%
000044,嘉实美国成长股票美元现汇,QDII-普通股票,5.6480,09-09,暂停申购,开放赎回,,10.0,0.01,1.0,4,0.15%
000055,广发纳斯达克100ETF联接美元(QDII)A,指数型-海外股票,1.2007,09-09,限大额,开放赎回,,1.0,0,0,,1.30%
000071,华夏恒生ETF联接A,指数型-海外股票,1.4789,09-10,开放申购,开放赎回,,10.0,100000000000,1.0,1,0.12%
000075,华夏恒生ETF联接现汇,指数型-海外股票,0.2182,09-10,开放申购,开放赎回,,200.0,0,0,,0.00%
000076,华夏恒生ETF联接现钞,指数型-海外股票,0.2182,09-10,开放申购,开放赎回,,200.0,0,0,,0.00%
000103,国泰境外高收益债(QDII),QDII-纯债,0.8050,09-09,限大额,开放赎回,,10.0,1000.0,1.0,1,0.08%
000179,广发美国房地产指数人民币(QDII)A,指数型-海外股票,1.2250,09-09,限大额,开放赎回,,10.0,1000.0,1.0,1,0.13%
000180,广发美国房地产指数美元现汇(QDII)A,指数型-海外股票,0.1808,09-09,限大额,开放赎回,,10.0,0,0,,1.30%
000274,广发亚太中高收益债(QDII)A,QDII-纯债,1.1936,09-09,限大额,开放赎回,,10.0,1000.0,1.0,1,0.08%
000275,广发亚太中高收益债美元现汇(QDII)A,QDII-纯债,0.1761,09-09,限大额,开放赎回,,1.0,0,0,,0.80%
000290,鹏华全球高收益债(QDII),QDII-纯债,0.6464,09-09,限大额,开放赎回,,10.0,1000000.0,1.0,1,0.08%
000341,嘉实新兴市场C2(QDII),QDII-纯债,1.1200,09-09,限大额,开放赎回,,0,0,0,,0.00%
000342,嘉实新兴市场A1(QDII),QDII-纯债,1.2560,09-09,限大额,开放赎回,,10.0,100.0,1.0,1,0.08%
000369,广发全球医疗保健指数人民币(QDII)A,指数型-海外股票,2.5420,09-09,限大额,开放赎回,,10.0,100.0,1.0,1,0.13%
000370,广发全球医疗保健美元现汇(QDII)A,指数型-海外股票,0.3751,09-09,限大额,开放赎回,,1.0,0,0,,1.30%
000593,易方达标普消费品指数美元现汇A,指数型-海外股票,0.4121,09-09,暂停申购,开放赎回,,10.0,0.01,1.0,4,0.12%
000614,华安德国(DAX)联接(QDII)A,指数型-海外股票,1.9971,09-09,限大额,开放赎回,,10.0,1000.0,1.0,1,0.12%
000834,大成纳斯达克100ETF联接(QDII)A,指数型-海外股票,6.2838,09-09,限大额,开放赎回,,10.0,10.0,1.0,1,0.12%
000906,广发全球精选股票(QDII)美元A,QDII-普通股票,0.9440,09-09,限大额,开放赎回,,10.0,0,0,,1.60%
000927,博时大中华亚太精选美元现汇,QDII-普通股票,0.1989,09-09,限大额,开放赎回,,10.0,0,0,,1.60%
000934,国富大中华精选混合,QDII-混合偏股,3.3510,09-09,开放申购,开放赎回,,10.0,100000000000,1.0,1,0.15%
000988,嘉实全球互联网股票人民币,QDII-普通股票,2.2120,09-09,限大额,开放赎回,,10.0,100.0,1.0,1,0.15%
000989,嘉实全球互联网股票美元现汇,QDII-普通股票,1.9900,09-09,暂停申购,开放赎回,,10.0,0.01,1.0,4,0.15%
000990,嘉实全球互联网股票美元现钞,QDII-普通股票,1.9900,09-09,暂停申购,暂停赎回,,1.0,0.01,1.0,,0.15%
001061,华夏收益债券(QDII)A,QDII-纯债,1.4507,09-09,限大额,开放赎回,,10.0,100000.0,1.0,1,0.08%
001063,华夏收益债券(QDII)C,QDII-纯债,1.3758,09-09,限大额,开放赎回,,10.0,100000.0,0.0,1,0.00%
001065,华夏海外收益债券现汇,QDII-纯债,0.2141,09-09,限大额,开放赎回,,1.0,0,0,,0.80%
001066,华夏海外收益债券现钞,QDII-纯债,0.2141,09-09,限大额,开放赎回,,1.0,0,0,,0.80%
001092,广发生物科技指数人民币(QDII)A,指数型-海外股票,1.7030,09-09,限大额,开放赎回,,10.0,10.0,1.0,1,0.13%
001093,广发生物科技指数美元(QDII)A,指数型-海外股票,0.2513,09-09,限大额,开放赎回,,1.0,0,0,,1.30%
001481,华宝标普油气上游股票美元A,指数型-海外股票,0.1505,09-09,暂停申购,开放赎回,,1000.0,0,0,,1.50%
001668,汇添富全球移动互联混合(QDII)人民币A,QDII-混合灵活,5.2893,09-09,限大额,开放赎回,,10.0,1000.0,1.0,1,0.16%
001691,南方香港成长灵活配置混合,QDII-混合灵活,2.0853,09-09,开放申购,开放赎回,,10.0,100000000000,1.0,1,0.16%
001876,鹏华全球高收益债美元现汇,QDII-纯债,0.0954,09-09,限大额,开放赎回,,1.0,0,0,,0.80%
001984,摩根中国生物医药混合(QDII)A,QDII-混合偏股,1.5065,09-09,开放申购,开放赎回,,10.0,9999999999,1.0,1,0.15%
002230,华夏大中华混合(QDII),QDII-混合灵活,1.2880,09-09,限大额,开放赎回,,10.0,100000.0,1.0,1,0.15%
002286,中银美元债债券(QDII)人民币A,QDII-纯债,1.1969,09-09,限大额,开放赎回,,10.0,300000.0,1.0,1,0.08%
002287,中银美元债债券(QDII)美元,QDII-纯债,0.1766,09-09,限大额,开放赎回,,0,0,0,,0.80%
002379,工银香港中小盘人民币,QDII-普通股票,1.6600,09-09,限大额,开放赎回,,10.0,1000.0,1.0,1,0.15%
002380,工银香港中小盘美元,QDII-普通股票,0.2449,09-09,限大额,开放赎回,,1.0,0,0,,1.50%
002391,华安全球美元收益债人民币A,QDII-混合债,1.1740,09-09,限大额,开放赎回,,10.0,1000.0,1.0,1,0.08%
002392,华安全球美元收益债美元现汇A,QDII-混合债,0.1732,09-09,限大额,开放赎回,,0,0,0,,0.80%
002393,华安全球美元收益债C,QDII-混合债,1.1230,09-09,限大额,开放赎回,,10.0,1000.0,0.0,1,0.00%
002400,南方亚洲美元收益债券(QDII)A(人民币),QDII-纯债,1.0066,09-09,限大额,开放赎回,,10.0,2000000.0,1.0,1,0.08%
002401,南方亚洲美元收益债券(QDII)C(人民币),QDII-纯债,0.9541,09-09,限大额,开放赎回,,10.0,2000000.0,0.0,1,0.00%
002402,南方亚洲美元收益债券(QDII)A(美元现汇),QDII-纯债,0.1485,09-09,限大额,开放赎回,,100.0,0,0,,0.80%
002403,南方亚洲美元收益债券(QDII)C(美元现汇),QDII-纯债,0.1408,09-09,限大额,开放赎回,,100.0,0,0,,0.00%
002423,华宝标普美国消费美元,指数型-海外股票,0.4074,09-09,限大额,开放赎回,,1000.0,0,0,,1.20%
002426,华安全球美元票息债人民币A,QDII-混合债,1.1630,09-09,限大额,开放赎回,,10.0,1000.0,1.0,1,0.08%
002427,华安全球美元票息债美元现汇A,QDII-混合债,0.1716,09-09,限大额,开放赎回,,0,0,0,,0.80%
002429,华安全球美元票息债C,QDII-混合债,1.1120,09-09,限大额,开放赎回,,10.0,1000.0,0.0,1,0.00%
002877,华夏大中华信用债A,QDII-纯债,1.0237,09-09,限大额,开放赎回,,10.0,100000.0,1.0,1,0.08%
002878,华夏大中华信用债美元现汇A,QDII-纯债,0.1511,09-09,限大额,开放赎回,,1.0,0,0,,0.80%
002879,华夏大中华信用债美元现钞A,QDII-纯债,0.1511,09-09,限大额,开放赎回,,1.0,0,0,,0.80%
002880,华夏大中华信用债C,QDII-纯债,1.0154,09-09,限大额,开放赎回,,10.0,100000.0,0.0,1,0.00%
002891,华夏移动互联混合人民币,QDII-混合灵活,2.7640,09-09,限大额,开放赎回,,10.0,100.0,1.0,1,0.15%
002892,华夏移动互联混合美元现汇,QDII-混合灵活,0.4079,09-09,暂停申购,开放赎回,,1.0,0,0,,1.50%
002893,华夏移动互联混合美元现钞,QDII-混合灵活,0.4079,09-09,暂停申购,开放赎回,,1.0,0,0,,1.50%
003243,摩根中国世纪混合(QDII)人民币,QDII-混合灵活,1.7775,09-09,开放申购,开放赎回,,10.0,100000000000,1.0,1,0.15%
003244,摩根中国世纪混合(QDII)美元现钞,QDII-混合灵活,1.0000,11-11,开放申购,开放赎回,,200.0,0,0,,1.50%
003245,摩根中国世纪混合(QDII)美元现汇,QDII-混合灵活,1.0000,11-11,开放申购,开放赎回,,200.0,0,0,,1.50%
003321,易方达原油C类人民币,QDII-商品,1.8398,09-09,暂停申购,开放赎回,,10.0,500.0,0.0,4,0.00%
003322,易方达原油A类美元汇,QDII-商品,0.2837,09-09,暂停申购,开放赎回,,0,0,0,,1.20%
003323,易方达原油C类美元汇,QDII-商品,0.2715,09-09,暂停申购,开放赎回,,0,0,0,,0.00%
003385,工银全球美元债A人民币,QDII-纯债,1.0108,09-09,限大额,开放赎回,,10.0,500000.0,1.0,1,0.08%
003386,工银全球美元债A美元现汇,QDII-纯债,0.1492,09-09,限大额,开放赎回,,1.0,0,0,,0.80%
003387,工银全球美元债C,QDII-纯债,0.9768,09-09,限大额,开放赎回,,10.0,500000.0,0.0,1,0.00%
003606,海富通全球收益债券美元,QDII-纯债,0.1376,09-09,限大额,开放赎回,,1000.0,0,0,,0.80%
003629,摩根全球多元配置(QDII-FOF)人民币A,QDII-混合平衡,1.8759,09-09,限大额,开放赎回,,10.0,100000.0,99.0,1,1.50%
003630,摩根全球多元配置(QDII-FOF)美元现钞,QDII-混合平衡,0.2768,09-09,限大额,开放赎回,,1.0,0,0,,1.50%
003631,摩根全球多元配置(QDII-FOF)美元现汇,QDII-混合平衡,0.2768,09-09,限大额,开放赎回,,1.0,0,0,,1.50%
003718,易方达标普500指数美元汇A,指数型-海外股票,0.4626,09-09,暂停申购,开放赎回,,10.0,0.01,1.0,4,0.12%
003719,易方达标普医疗保健美元汇A,指数型-海外股票,0.3096,09-09,暂停申购,开放赎回,,10.0,0.01,1.0,4,0.12%
003720,易方达标普生物科技美元汇A,指数型-海外股票,0.3106,09-09,暂停申购,开放赎回,,10.0,0.01,1.0,4,0.12%
003721,易方达标普信息科技指数(QDII-LOF)A(美元现汇),指数型-海外股票,1.0020,09-09,暂停申购,开放赎回,,10.0,0.01,1.0,4,0.12%
003722,易方达纳斯达克100ETF联接(QDII-LOF)A(美元现汇),指数型-海外股票,0.6542,09-09,暂停申购,开放赎回,,10.0,0.01,1.0,4,0.12%
003972,国富美元债一年持有期债券(QDII)人民币,QDII-混合债,0.9496,09-09,限大额,开放赎回,,10.0,10000.0,1.0,1,0.08%
003973,国富美元债一年持有期债券(QDII)美元现汇,QDII-混合债,0.1416,09-09,限大额,开放赎回,,0,0,0,,0.80%
004243,广发道琼斯石油指数人民币C,指数型-海外股票,3.1238,09-09,限大额,开放赎回,,10.0,100.0,0.0,1,0.00%
004419,汇添富美元债债券(QDII)人民币A,QDII-纯债,1.0326,09-09,限大额,开放赎回,,10.0,5000000.0,1.0,1,0.08%
004420,汇添富美元债债券(QDII)人民币C,QDII-纯债,0.9995,09-09,限大额,开放赎回,,10.0,5000000.0,0.0,1,0.00%
004421,汇添富美元债债券(QDII)美元现汇A,QDII-纯债,1.0505,09-09,暂停申购,开放赎回,,10.0,0.01,1.0,4,0.08%
004422,汇添富美元债债券(QDII)美元现汇C,QDII-纯债,1.0075,09-09,暂停申购,开放赎回,,10.0,0.01,0.0,4,0.00%
004877,汇添富全球医疗混合(QDII)人民币,QDII-混合偏股,2.5351,09-09,限大额,开放赎回,,10.0,200000.0,1.0,1,0.16%
004878,汇添富全球医疗混合(QDII)美元现汇,QDII-混合偏股,2.4971,09-09,暂停申购,开放赎回,,10.0,0.01,1.0,4,0.16%
004879,汇添富全球医疗混合(QDII)美元现钞,QDII-混合偏股,2.4971,09-09,暂停申购,暂停赎回,,1.0,0.01,1.0,,0.16%
004998,长信全球债券人民币,QDII-纯债,1.2267,09-09,限大额,开放赎回,,10.0,1000000.0,1.0,1,0.08%
004999,长信全球债券美元,QDII-纯债,0.1810,09-09,暂停申购,暂停赎回,,1.0,0.01,1.0,,0.08%
005243,融通中国概念债券(QDII)A,QDII-混合债,1.1579,09-09,限大额,开放赎回,,10.0,1000000.0,1.0,1,0.08%
005534,华夏新时代混合人民币(QDII),QDII-混合灵活,2.1145,09-09,限大额,开放赎回,,10.0,50000.0,1.0,1,0.15%
005613,摩根富时发达市场REITs指数(QDII)人民币A,指数型-海外股票,1.4956,09-09,限大额,开放赎回,,10.0,100000.0,1.0,1,0.10%
005614,摩根富时发达市场REITs指数(QDII)美钞,指数型-海外股票,0.2207,09-09,限大额,开放赎回,,1.0,0,0,,1.00%
005615,摩根富时发达市场REITs指数(QDII)美汇,指数型-海外股票,0.2207,09-09,限大额,开放赎回,,1.0,0,0,,1.00%
005675,易方达恒生国企ETF联接C,指数型-海外股票,1.0260,09-10,开放申购,开放赎回,,10.0,100000000000,0.0,1,0.00%
005676,易方达标普消费品指数C,指数型-海外股票,2.7330,09-09,开放申购,开放赎回,,10.0,100000000000,0.0,1,0.00%
005698,华夏全球科技先锋混合(QDII)A(人民币),QDII-混合偏股,2.7195,09-09,限大额,开放赎回,,10.0,5000.0,1.0,1,0.15%
005699,工银新经济混合(QDII)人民币A,QDII-混合灵活,1.3676,09-09,开放申购,开放赎回,,10.0,100000000000,1.0,1,0.15%
005700,工银新经济混合(QDII)美元,QDII-混合灵活,0.2018,09-09,限大额,开放赎回,,1.0,0,0,,1.50%
005801,工银印度基金美元,QDII-混合偏股,0.1902,09-09,暂停申购,暂停赎回,,1.0,0.01,1.0,,0.12%
006075,博时标普500ETF联接C,指数型-海外股票,5.3864,09-09,暂停申购,开放赎回,,10.0,100.0,0.0,4,0.00%
006105,宏利印度股票(QDII)A,QDII-普通股票,1.3497,09-09,限大额,开放赎回,,10.0,100000.0,1.0,1,0.15%
006263,易方达香港小型股指数C,指数型-海外股票,0.8732,09-10,限大额,开放赎回,,10.0,3000.0,0.0,1,0.00%
006282,摩根欧洲动力策略股票(QDII)A,QDII-普通股票,1.8242,09-09,限大额,开放赎回,,10.0,10000.0,1.0,1,0.15%
006283,鹏华美国房地产美元现汇,QDII-REITs,0.1340,09-09,限大额,开放赎回,,0,0,0,,1.00%
006285,鹏华全球中短债(QDII)美元现汇A,QDII-混合债,0.0818,09-09,限大额,开放赎回,,1.0,0,0,,0.80%
006308,汇添富全球消费混合(QDII)人民币A,QDII-混合偏股,2.1931,09-09,限大额,开放赎回,,10.0,1000.0,1.0,1,0.16%
006309,汇添富全球消费混合(QDII)人民币C,QDII-混合偏股,2.0223,09-09,限大额,开放赎回,,10.0,1000.0,0.0,1,0.00%
006310,汇添富全球消费混合(QDII)美元现汇,QDII-混合偏股,2.2099,09-09,暂停申购,开放赎回,,10.0,0.01,1.0,4,0.16%
006327,易方达中证海外互联网50ETF联接(QDII)A,指数型-海外股票,0.8255,09-09,开放申购,开放赎回,,10.0,100000000000,1.0,1,0.12%
006328,易方达中证海外互联网50ETF联接(QDII)C,指数型-海外股票,0.7970,09-09,开放申购,开放赎回,,10.0,100000000000,0.0,1,0.00%
006329,易方达中证海外互联网50ETF联接(QDII)(美元现汇)A,指数型-海外股票,0.1218,09-09,暂停申购,开放赎回,,10.0,0.01,1.0,4,0.12%
006330,易方达中证海外互联网50ETF联接(QDII)(美元现汇)C,指数型-海外股票,0.1176,09-09,暂停申购,开放赎回,,10.0,0.01,0.0,4,0.00%
006370,国富大中华精选混合美元,QDII-混合偏股,0.4945,09-09,开放申购,开放赎回,,0,0,0,,1.50%
006373,国富全球科技互联混合(QDII)人民币A,QDII-混合偏股,6.9589,09-09,限大额,开放赎回,,10.0,100.0,1.0,1,0.15%
006374,国富全球科技互联混合(QDII)美元现汇A,QDII-混合偏股,7.0511,09-09,限大额,开放赎回,,0,0,0,,1.50%
006381,华夏恒生ETF联接C,指数型-海外股票,1.4446,09-10,开放申购,开放赎回,,10.0,100000000000,0.0,1,0.00%
006426,汇添富全球移动互联混合(QDII)美元现汇,QDII-混合灵活,5.5358,09-09,暂停申购,暂停赎回,,10.0,0.01,1.0,6,0.16%
006445,华夏海外聚享混合发起式(QDII-FOF)A人民币,QDII-混合平衡,1.6857,09-09,限大额,开放赎回,,10.0,100000.0,1.0,1,0.10%
006446,华夏海外聚享混合发起式(QDII-FOF)A美元现汇,QDII-混合平衡,0.2487,09-09,限大额,开放赎回,,1.0,0,0,,1.00%
006447,华夏海外聚享混合发起式(QDII-FOF)A美元现钞,QDII-混合平衡,0.2487,09-09,限大额,开放赎回,,1.0,0,0,,1.00%
006448,华夏海外聚享混合发起式(QDII-FOF)C人民币,QDII-混合平衡,1.6322,09-09,限大额,开放赎回,,10.0,100000.0,0.0,1,0.00%
006476,南方原油C,QDII-商品,1.9285,09-09,暂停申购,开放赎回,,10.0,1.0,0.0,4,0.00%
006479,广发纳斯达克100ETF联接人民币(QDII)C,指数型-海外股票,7.9947,09-09,限大额,开放赎回,,2.0,2.0,0.0,1,0.00%
006480,广发纳斯达克100ETF联接美元(QDII)C,指数型-海外股票,1.1797,09-09,限大额,开放赎回,,1.0,0,0,,0.00%
006555,浦银全球智能科技(QDII)A,QDII-普通股票,3.6179,09-09,暂停申购,开放赎回,,10.0,3000.0,1.0,4,0.15%
006679,广发道琼斯石油指数美元现汇A,指数型-海外股票,0.4692,09-09,暂停申购,开放赎回,,1.0,0,0,,1.20%
006680,广发道琼斯石油指数美元现汇C,指数型-海外股票,0.4609,09-09,暂停申购,开放赎回,,1.0,0,0,,0.00%
006792,鹏华港美互联股票美元现汇,QDII-普通股票,0.2796,09-09,暂停申购,开放赎回,,0,0,0,,1.50%
007140,富国全球债券(QDII)美元现汇,QDII-混合债,0.1853,09-09,暂停申购,开放赎回,,200.0,0,0,,0.80%
007204,银华美元债精选债券(QDII)A,QDII-纯债,1.0831,09-09,限大额,开放赎回,,10.0,100.0,1.0,1,0.08%
007205,银华美元债精选债券(QDII)C,QDII-纯债,1.0544,09-09,限大额,开放赎回,,10.0,100.0,0.0,1,0.00%
007280,摩根日本精选股票(QDII)A,QDII-普通股票,2.2426,09-10,限大额,开放赎回,,10.0,2000.0,1.0,1,0.15%
007360,易方达中短期美元债(QDII)A人民币,QDII-纯债,1.1675,09-09,限大额,开放赎回,,10.0,10000.0,1.0,1,0.05%
007361,易方达中短期美元债(QDII)C人民币,QDII-纯债,1.1429,09-09,限大额,开放赎回,,10.0,10000.0,0.0,1,0.00%
007362,易方达中短期美元债(QDII)A美元现汇,QDII-纯债,0.1723,09-09,暂停申购,开放赎回,,10.0,0.01,1.0,4,0.05%
007363,易方达中短期美元债(QDII)C美元现汇,QDII-纯债,0.1686,09-09,暂停申购,开放赎回,,10.0,0.01,0.0,4,0.00%
007455,富国蓝筹精选股票(QDII)人民币,QDII-普通股票,2.9465,09-09,限大额,开放赎回,,10.0,50000000,1.0,1,0.15%
007721,天弘标普500发起(QDII-FOF)A,QDII-FOF,2.2463,09-09,限大额,开放赎回,,10.0,100.0,1.0,1,0.10%
007722,天弘标普500发起(QDII-FOF)C,QDII-FOF,2.2046,09-09,限大额,开放赎回,,10.0,100.0,0.0,1,0.00%
007729,招商普盛全球配置(QDII)人民币A,QDII-混合灵活,1.3498,09-09,开放申购,开放赎回,,10.0,100000000000,1.0,1,0.15%
007844,华宝标普油气上游股票人民币C,指数型-海外股票,0.9910,09-09,暂停申购,开放赎回,,10.0,10.0,0.0,4,0.00%
007975,招商普盛全球配置(QDII-FOF)美元现汇,QDII-混合灵活,0.2012,09-09,暂停申购,暂停赎回,,0,0.01,1.0,,0.15%
007976,易方达黄金主题人民币C,QDII-商品,1.6228,09-09,暂停申购,开放赎回,,10.0,500.0,0.0,4,0.00%
007977,易方达黄金主题美元现汇A,QDII-商品,0.2401,09-09,暂停申购,开放赎回,,1.0,0,0,,1.00%
007978,易方达黄金主题美元现汇C,QDII-商品,0.2395,09-09,暂停申购,开放赎回,,1.0,0,0,,0.00%
008095,中银亚太精选债券(QDII)人民币A,QDII-纯债,1.0355,09-09,限大额,开放赎回,,10.0,300000.0,1.0,1,0.08%
008096,中银亚太精选债券(QDII)人民币C,QDII-纯债,1.0131,09-09,限大额,开放赎回,,10.0,300000.0,0.0,1,0.00%
008097,中银亚太精选债券(QDII)美元A,QDII-纯债,0.1528,09-09,限大额,开放赎回,,0,0,0,,0.80%
008098,中银亚太精选债券(QDII)美元C,QDII-纯债,0.1495,09-09,限大额,开放赎回,,0,0,0,,0.00%
008183,招商普盛全球配置(QDII-FOF)美元现钞,QDII-混合灵活,0.2012,09-09,暂停申购,暂停赎回,,0,0.01,1.0,,0.15%
008253,华宝致远混合(QDII)A,QDII-混合偏股,1.7352,09-09,限大额,开放赎回,,10.0,2000.0,1.0,1,0.15%
008254,华宝致远混合(QDII)C,QDII-混合偏股,1.6890,09-09,限大额,开放赎回,,10.0,2000.0,0.0,1,0.00%
008284,易方达全球医药行业混合发起式(QDII)A(人民币),QDII-混合偏股,1.1345,09-09,开放申购,开放赎回,,10.0,100000000000,1.0,1,0.15%
008285,易方达全球医药行业混合发起式(QDII)A(美元现汇),QDII-混合偏股,0.1674,09-09,暂停申购,开放赎回,,10.0,0.01,1.0,4,0.15%
008320,鹏华全球中短债(QDII)人民币C,QDII-混合债,0.5426,09-09,限大额,开放赎回,,10.0,1000000.0,0.0,1,0.00%
008321,鹏华全球中短债(QDII)美元现汇C,QDII-混合债,0.0801,09-09,限大额,开放赎回,,1.0,0,0,,0.00%
008367,富国亚洲收益债券(QDII)人民币A,QDII-纯债,1.0534,09-09,限大额,开放赎回,,10.0,10000000,1.0,1,0.08%
008368,富国亚洲收益债券(QDII)美元现汇,QDII-纯债,0.1554,09-09,限大额,开放赎回,,0,0,0,,0.80%
008401,大成标普500等权重指数(QDII)C人民币,指数型-海外股票,2.7745,09-09,限大额,开放赎回,,10.0,100.0,0.0,1,0.00%
008706,建信富时100指数(QDII)C人民币,指数型-海外股票,1.4759,09-09,限大额,开放赎回,,10.0,10.0,0.0,1,0.00%
008707,建信富时100指数(QDII)A美元现汇,指数型-海外股票,0.2225,09-09,限大额,开放赎回,,1.0,0,0,,1.20%
008708,建信富时100指数(QDII)C美元现汇,指数型-海外股票,0.2178,09-09,限大额,开放赎回,,1.0,0,0,,0.00%
008751,大成全球美元债(QDII)A人民币,QDII-纯债,1.0283,09-09,限大额,开放赎回,,10.0,50000.0,1.0,1,0.08%
008752,大成全球美元债(QDII)C人民币,QDII-纯债,0.9973,09-09,限大额,开放赎回,,10.0,50000.0,0.0,1,0.00%
008763,天弘越南市场股票发起(QDII)A,QDII-普通股票,1.6318,09-09,限大额,开放赎回,,10.0,500.0,1.0,1,0.10%
008764,天弘越南市场股票发起(QDII)C,QDII-普通股票,1.6032,09-09,限大额,开放赎回,,10.0,500.0,0.0,1,0.00%
008971,大成纳斯达克100ETF联接(QDII)C,指数型-海外股票,6.2248,09-09,限大额,开放赎回,,10.0,10.0,0.0,1,0.00%
009108,富国红利精选混合(QDII)人民币,QDII-混合偏股,1.9245,09-09,开放申购,开放赎回,,10.0,100000000000,1.0,1,0.15%
009193,富国红利精选混合(QDII)美元,QDII-混合偏股,0.2840,09-09,开放申购,开放赎回,,0,0,0,,1.50%
009225,天弘中证中美互联网(QDII)A,指数型-海外股票,1.3448,09-09,限大额,开放赎回,,10.0,1000.0,1.0,1,0.10%
009226,天弘中证中美互联网(QDII)C,指数型-海外股票,1.3232,09-09,限大额,开放赎回,,10.0,1000.0,0.0,1,0.00%
009562,工银全球股票(QDII)美元,QDII-普通股票,0.1840,09-09,暂停申购,开放赎回,,2.0,0,0,,1.60%
009563,工银全球股票(QDII)港币,QDII-普通股票,,,,,,15.0,0,0,,1.60%
009975,华宝标普美国消费人民币C,指数型-海外股票,2.6890,09-09,限大额,开放赎回,,10.0,1000.0,0.0,1,0.00%
010583,富国蓝筹精选股票(QDII)美元,QDII-普通股票,0.4348,09-09,限大额,开放赎回,,1.0,0,0,,1.50%
010591,富国中国中小盘混合(QDII)美元,QDII-混合偏股,0.4751,09-09,开放申购,开放赎回,,1.0,0,0,,1.50%
010644,富国全球健康生活主题混合(QDII)人民币A,QDII-混合偏股,1.0361,09-09,开放申购,开放赎回,,10.0,100000000000,1.0,1,0.15%
010645,富国全球健康生活主题混合(QDII)美元,QDII-混合偏股,0.1529,09-09,开放申购,开放赎回,,0,0,0,,1.50%
010671,景顺长城大中华混合(QDII)A美元现汇,QDII-混合偏股,0.3160,09-09,暂停申购,开放赎回,,200.0,0.01,1.0,4,0.16%
010789,汇添富恒生指数(QDII-LOF)C,指数型-海外股票,1.1152,09-10,开放申购,开放赎回,,10.0,100000000000,0.0,1,0.00%
011420,广发全球科技三个月定开混合(QDII)人民币A,QDII-混合偏股,1.3913,09-09,开放申购,开放赎回,2026-09-08,10.0,100000000000,1.0,1,0.15%
011421,广发全球科技三个月定开混合(QDII)美元A,QDII-混合偏股,0.2053,09-09,开放申购,开放赎回,2026-09-08,1.0,0,0,,1.50%
011422,广发全球科技三个月定开混合(QDII)人民币C,QDII-混合偏股,1.3606,09-09,开放申购,开放赎回,2026-09-08,10.0,100000000000,0.0,1,0.00%
011423,广发全球科技三个月定开混合(QDII)美元C,QDII-混合偏股,0.2008,09-09,开放申购,开放赎回,2026-09-08,1.0,0,0,,0.00%
011583,大成港股精选混合(QDII)A,QDII-混合偏股,1.0169,09-09,开放申购,开放赎回,,10.0,100000000000,1.0,1,0.15%
011584,大成港股精选混合(QDII)C,QDII-混合偏股,0.9886,09-09,开放申购,开放赎回,,10.0,100000000000,0.0,1,0.00%
011706,长信标普100等权重指数美元,指数型-海外股票,0.3810,09-09,暂停申购,暂停赎回,,100.0,0.01,1.0,,0.01%
011940,大成全球美元债(QDII)A美元,QDII-纯债,0.1517,09-09,限大额,开放赎回,,1.0,0,0,,0.80%
011941,大成全球美元债(QDII)C美元,QDII-纯债,0.1472,09-09,限大额,开放赎回,,1.0,0,0,,0.00%
012060,富国全球消费精选混合(QDII)人民币A,QDII-混合偏股,1.4951,09-09,开放申购,开放赎回,,10.0,100000000000,1.0,1,0.15%
012061,富国全球消费精选混合(QDII)美元,QDII-混合偏股,0.2206,09-09,开放申购,开放赎回,,0,0,0,,1.50%
012062,富国全球消费精选混合(QDII)人民币C,QDII-混合偏股,1.4490,09-09,开放申购,开放赎回,,10.0,100000000000,0.0,1,0.00%
012208,华夏港股前沿经济混合(QDII)A,QDII-混合偏股,0.6207,09-09,限大额,开放赎回,,10.0,50000.0,1.0,1,0.15%
012209,华夏港股前沿经济混合(QDII)C,QDII-混合偏股,0.5981,09-09,限大额,开放赎回,,10.0,50000.0,0.0,1,0.00%
012348,天弘恒生科技ETF联接A,指数型-海外股票,0.5937,09-10,限大额,开放赎回,,10.0,1000.0,1.0,1,0.10%
012349,天弘恒生科技ETF联接C,指数型-海外股票,0.5854,09-10,限大额,开放赎回,,10.0,1000.0,0.0,1,0.00%
012379,创金合信港股互联网3个月持有期混合(QDII)A,QDII-混合偏股,0.5866,09-09,开放申购,开放赎回,,10.0,100000000000,1.0,1,0.15%
012380,创金合信港股互联网3个月持有期混合(QDII)C,QDII-混合偏股,0.5716,09-09,开放申购,开放赎回,,10.0,100000000000,0.0,1,0.00%
012535,万家全球成长一年持有期混合(QDII)A,QDII-混合偏股,0.9895,09-09,开放申购,开放赎回,,10.0,100000000000,1.0,1,0.15%
012536,万家全球成长一年持有期混合(QDII)C,QDII-混合偏股,0.9605,09-09,开放申购,开放赎回,,10.0,100000000000,0.0,1,0.00%
012570,建信恒生科技指数发起(QDII)A,指数型-海外股票,1.1858,09-10,开放申购,开放赎回,,10.0,100000000000,1.0,1,0.12%
012571,建信恒生科技指数发起(QDII)C,指数型-海外股票,1.1924,09-10,开放申购,开放赎回,,10.0,100000000000,0.0,1,0.00%
012584,南方中国新兴经济9个月持有期混合(QDII)A,QDII-混合偏股,1.3622,09-09,开放申购,开放赎回,,10.0,100000000000,1.0,1,0.15%
012585,南方中国新兴经济9个月持有期混合(QDII)C,QDII-混合偏股,1.2696,09-09,开放申购,开放赎回,,10.0,100000000000,0.0,1,0.00%
012751,建信纳斯达克100指数(QDII)A美元现汇,指数型-海外股票,0.5074,09-09,限大额,开放赎回,,100.0,0,0,,1.20%
012752,建信纳斯达克100指数(QDII)C人民币,指数型-海外股票,3.3272,09-09,限大额,开放赎回,,10.0,10.0,0.0,1,0.00%
012753,建信纳斯达克100指数(QDII)C美元现汇,指数型-海外股票,0.4910,09-09,限大额,开放赎回,,100.0,0,0,,0.00%
012804,广发恒生科技ETF联接(QDII)A,指数型-海外股票,0.7001,09-10,开放申购,开放赎回,,10.0,100000000000,1.0,1,0.12%
012805,广发恒生科技ETF联接(QDII)C,指数型-海外股票,0.6928,09-10,开放申购,开放赎回,,10.0,100000000000,0.0,1,0.00%
012860,易方达标普500指数人民币C,指数型-海外股票,3.0803,09-09,暂停申购,开放赎回,,10.0,10.0,0.0,4,0.00%
012861,易方达标普500指数美元汇C,指数型-海外股票,0.4545,09-09,暂停申购,开放赎回,,10.0,0.01,0.0,4,0.00%
012864,易方达标普医疗保健人民币C,指数型-海外股票,2.0572,09-09,暂停申购,开放赎回,,10.0,10.0,0.0,4,0.00%
012865,易方达标普医疗保健美元汇C,指数型-海外股票,0.3036,09-09,暂停申购,开放赎回,,10.0,0.01,0.0,4,0.00%
012866,易方达标普生物科技人民币C,指数型-海外股票,2.0682,09-09,暂停申购,开放赎回,,10.0,10.0,0.0,4,0.00%
012867,易方达标普生物科技美元汇C,指数型-海外股票,0.3052,09-09,暂停申购,开放赎回,,10.0,0.01,0.0,4,0.00%
012868,易方达标普信息科技指数(QDII-LOF)C(人民币),指数型-海外股票,6.6656,09-09,暂停申购,开放赎回,,10.0,10.0,0.0,4,0.00%
012869,易方达标普信息科技指数(QDII-LOF)C(美元现汇),指数型-海外股票,0.9836,09-09,暂停申购,开放赎回,,10.0,0.01,0.0,4,0.00%
012870,易方达纳斯达克100ETF联接(QDII-LOF)C(人民币),指数型-海外股票,4.3554,09-09,暂停申购,开放赎回,,10.0,10.0,0.0,4,0.00%
012871,易方达纳斯达克100ETF联接(QDII-LOF)C(美元现汇),指数型-海外股票,0.6427,09-09,暂停申购,开放赎回,,10.0,0.01,0.0,4,0.00%
012920,易方达全球成长精选混合(QDII)人民币A,QDII-混合偏股,3.7818,09-09,暂停申购,开放赎回,,10.0,10.0,1.0,4,0.15%
012921,易方达全球成长精选混合(QDII)美元现汇A,QDII-混合偏股,0.5580,09-09,暂停申购,开放赎回,,10.0,0.01,1.0,4,0.15%
012922,易方达全球成长精选混合(QDII)人民币C,QDII-混合偏股,3.7046,09-09,暂停申购,开放赎回,,10.0,10.0,0.0,4,0.00%
012923,易方达全球成长精选混合(QDII)美元现汇C,QDII-混合偏股,0.5467,09-09,暂停申购,开放赎回,,10.0,0.01,0.0,4,0.00%
012924,华夏新时代混合美元现汇(QDII),QDII-混合灵活,0.3120,09-09,限大额,开放赎回,,1.0,0,0,,1.50%
012925,华夏新时代混合美元现钞(QDII),QDII-混合灵活,0.3120,09-09,限大额,开放赎回,,1.0,0,0,,1.50%
012979,大成恒生科技ETF发起式联接A,指数型-海外股票,0.6881,09-10,开放申购,开放赎回,,10.0,100000000000,1.0,1,0.12%
012980,大成恒生科技ETF发起式联接C,指数型-海外股票,0.6767,09-10,开放申购,开放赎回,,10.0,100000000000,0.0,1,0.00%
013127,汇添富恒生科技ETF联接发起式(QDII)A,指数型-海外股票,0.6848,09-10,限大额,开放赎回,,10.0,200000.0,1.0,1,0.10%
013128,汇添富恒生科技ETF联接发起式(QDII)C,指数型-海外股票,0.6777,09-10,限大额,开放赎回,,10.0,200000.0,0.0,1,0.00%
013171,华夏恒生互联网科技业ETF联接(QDII)A,指数型-海外股票,0.5593,09-10,限大额,开放赎回,,10.0,20000000,1.0,1,0.12%
013172,华夏恒生互联网科技业ETF联接(QDII)C,指数型-海外股票,0.5508,09-10,限大额,开放赎回,,10.0,20000000,0.0,1,0.00%
013308,易方达恒生科技ETF联接(QDII)A,指数型-海外股票,1.0338,09-10,开放申购,开放赎回,,10.0,100000000000,1.0,1,0.06%
013309,易方达恒生科技ETF联接(QDII)C,指数型-海外股票,1.0184,09-10,开放申购,开放赎回,,10.0,100000000000,0.0,1,0.00%
013328,嘉实全球价值股票(QDII)人民币,QDII-普通股票,1.6267,09-09,限大额,开放赎回,,10.0,100.0,1.0,1,0.15%
013329,嘉实全球价值股票(QDII)美元现汇,QDII-普通股票,1.5357,09-09,暂停申购,开放赎回,,10.0,0.01,1.0,4,0.15%
013363,大成中国优势混合(QDII)A,QDII-混合偏股,1.1651,09-09,开放申购,开放赎回,,10.0,100000000000,1.0,1,0.15%
013364,大成中国优势混合(QDII)C,QDII-混合偏股,1.1537,09-09,开放申购,开放赎回,,10.0,100000000000,0.0,1,0.00%
013402,华夏恒生科技ETF发起式联接(QDII)A,指数型-海外股票,0.7190,09-10,限大额,开放赎回,,10.0,20000000,1.0,1,0.12%
013403,华夏恒生科技ETF发起式联接(QDII)C,指数型-海外股票,0.7085,09-10,限大额,开放赎回,,10.0,20000000,0.0,1,0.00%
013404,大成标普500等权重指数(QDII)A美元,指数型-海外股票,0.4117,09-09,限大额,开放赎回,,1.0,0,0,,1.50%
013425,博时标普500ETF联接美元汇(QDII)A,指数型-海外股票,0.8210,09-09,暂停申购,开放赎回,,1.0,0,0,,1.20%
013499,博时标普500ETF联接美元汇(QDII)C,指数型-海外股票,0.7948,09-09,暂停申购,开放赎回,,1.0,0,0,,0.00%
013508,广发亚太中高收益债(QDII)C,QDII-纯债,1.1875,09-09,限大额,开放赎回,,10.0,1000.0,0.0,1,0.00%
013509,广发亚太中高收益债美元现汇(QDII)C,QDII-纯债,0.1752,09-09,限大额,开放赎回,,1.0,0,0,,0.00%
013945,交银中证海外中国互联网指数(LOF)C,指数型-海外股票,0.8963,09-09,开放申购,开放赎回,,10.0,100000000000,0.0,1,0.00%
014002,浦银全球智能科技(QDII)C,QDII-普通股票,3.5403,09-09,暂停申购,开放赎回,,10.0,3000.0,0.0,4,0.00%
014127,融通核心价值混合(QDII)C,QDII-混合灵活,1.0668,09-09,开放申购,开放赎回,,10.0,100000000000,0.0,1,0.00%
014424,博时恒生医疗保健ETF发起式联接(QDII)A,指数型-海外股票,0.8849,09-10,开放申购,开放赎回,,10.0,100000000000,1.0,1,0.12%
014425,博时恒生医疗保健ETF发起式联接(QDII)C,指数型-海外股票,0.8776,09-10,开放申购,开放赎回,,10.0,100000000000,0.0,1,0.00%
014438,博时恒生科技ETF发起式联接(QDII)A,指数型-海外股票,0.7937,09-10,开放申购,开放赎回,,10.0,100000000000,1.0,1,0.12%
014439,博时恒生科技ETF发起式联接(QDII)C,指数型-海外股票,0.7813,09-10,开放申购,开放赎回,,10.0,100000000000,0.0,1,0.00%
014978,华安纳斯达克100ETF联接(QDII)C,指数型-海外股票,7.9972,09-09,限大额,开放赎回,,10.0,10.0,0.0,1,0.00%
014982,华安标普全球石油指数(LOF)C,指数型-海外股票,2.2322,09-09,限大额,开放赎回,,10.0,100000.0,0.0,1,0.00%
015016,华安德国(DAX)联接(QDII)C,指数型-海外股票,1.9799,09-09,限大额,开放赎回,,10.0,1000.0,0.0,1,0.00%
015202,汇添富全球移动互联混合(QDII)人民币C,QDII-混合灵活,5.1414,09-09,限大额,开放赎回,,10.0,1000.0,0.0,1,0.00%
015203,汇添富全球移动互联混合(QDII)人民币D,QDII-混合灵活,5.1896,09-09,限大额,开放赎回,,1.0,0,0,,0.00%
015204,银华全球新能源车量化优选股票(QDII)A,QDII-普通股票,1.4790,09-09,开放申购,开放赎回,,10.0,100000000000,1.0,1,0.15%
015205,银华全球新能源车量化优选股票(QDII)C,QDII-普通股票,1.4522,09-09,开放申购,开放赎回,,10.0,100000000000,0.0,1,0.00%
015282,华安恒生科技ETF发起式联接(QDII)A,指数型-海外股票,1.0480,09-10,限大额,开放赎回,,10.0,10000000,1.0,1,0.05%
015283,华安恒生科技ETF发起式联接(QDII)C,指数型-海外股票,1.0371,09-10,限大额,开放赎回,,10.0,10000000,0.0,1,0.00%
015299,华夏纳斯达克100ETF发起式联接(QDII)A,指数型-海外股票,2.0191,09-09,暂停申购,开放赎回,,10.0,100.0,1.0,4,0.12%
015300,华夏纳斯达克100ETF发起式联接(QDII)C,指数型-海外股票,1.9926,09-09,暂停申购,开放赎回,,10.0,100.0,0.0,4,0.00%
015310,华泰柏瑞恒生科技ETF联接(QDII)A,指数型-海外股票,0.9863,09-10,开放申购,开放赎回,,10.0,100000000000,1.0,1,0.12%
015311,华泰柏瑞恒生科技ETF联接(QDII)C,指数型-海外股票,0.9649,09-10,开放申购,开放赎回,,10.0,100000000000,0.0,1,0.00%
015518,华夏纳斯达克100ETF发起式联接(QDII)A美元现汇,指数型-海外股票,0.3010,09-09,暂停申购,开放赎回,,1.0,0,0,,1.20%
015545,大成标普500等权重指数(QDII)C美元,指数型-海外股票,0.4094,09-09,限大额,开放赎回,,1.0,0,0,,0.00%
015546,大成恒生指数(QDII-LOF)C,指数型-海外股票,0.9687,09-10,开放申购,开放赎回,,10.0,100000000000,0.0,1,0.00%
015884,中欧港股数字经济混合发起(QDII)A,QDII-混合偏股,1.4734,09-09,开放申购,开放赎回,,10.0,100000000000,1.0,1,0.18%
015885,中欧港股数字经济混合发起(QDII)C,QDII-混合偏股,1.4239,09-09,开放申购,开放赎回,,10.0,100000000000,0.0,1,0.00%
016055,博时纳斯达克100ETF发起式联接(QDII)A人民币,指数型-海外股票,2.1134,09-09,暂停申购,开放赎回,,10.0,100000000000,1.0,4,0.10%
016056,博时纳斯达克100ETF发起式联接(QDII)A美元现汇,指数型-海外股票,0.3119,09-09,暂停申购,开放赎回,,100.0,0,0,,1.00%
016057,博时纳斯达克100ETF发起式联接(QDII)C人民币,指数型-海外股票,2.0856,09-09,暂停申购,开放赎回,,10.0,100000000000,0.0,4,0.00%
016058,博时纳斯达克100ETF发起式联接(QDII)C美元现汇,指数型-海外股票,0.3078,09-09,暂停申购,开放赎回,,100.0,0,0,,0.00%
016199,汇添富全球汽车产业升级混合(QDII)人民币A,QDII-混合偏股,1.2032,09-09,开放申购,开放赎回,,10.0,100000000000,1.0,1,0.16%
016200,汇添富全球汽车产业升级混合(QDII)美元现汇,QDII-混合偏股,1.2211,09-09,暂停申购,开放赎回,,10.0,0.01,1.0,4,0.16%
016201,汇添富全球汽车产业升级混合(QDII)美元现钞,QDII-混合偏股,1.2240,09-09,暂停申购,暂停赎回,,200.0,0.01,1.0,,0.16%
016202,汇添富全球汽车产业升级混合(QDII)人民币C,QDII-混合偏股,1.1752,09-09,开放申购,开放赎回,,10.0,100000000000,0.0,1,0.00%
016278,广发美国房地产指数人民币(QDII)C,指数型-海外股票,1.2240,09-09,限大额,开放赎回,,10.0,1000.0,0.0,1,0.00%
016279,广发美国房地产指数美元现汇(QDII)C,指数型-海外股票,0.1806,09-09,限大额,开放赎回,,1.0,0,0,,0.00%
016280,广发全球医疗保健指数人民币(QDII)C,指数型-海外股票,2.5000,09-09,限大额,开放赎回,,10.0,100.0,0.0,1,0.00%
016281,广发全球医疗保健美元现汇(QDII)C,指数型-海外股票,0.3689,09-09,限大额,开放赎回,,1.0,0,0,,0.00%
016452,南方纳斯达克100指数发起(QDII)A,指数型-海外股票,2.2838,09-09,限大额,开放赎回,,10.0,10.0,1.0,1,0.12%
016453,南方纳斯达克100指数发起(QDII)C,指数型-海外股票,2.2735,09-09,限大额,开放赎回,,10.0,10.0,0.0,1,0.00%
016470,广发生物科技指数人民币(QDII)C,指数型-海外股票,1.6700,09-09,限大额,开放赎回,,10.0,10.0,0.0,1,0.00%
016471,广发生物科技指数美元(QDII)C,指数型-海外股票,0.2464,09-09,限大额,开放赎回,,1.0,0,0,,0.00%
016532,嘉实纳斯达克100ETF发起联接(QDII)A人民币,指数型-海外股票,2.1685,09-09,暂停申购,开放赎回,,10.0,100.0,1.0,4,0.10%
016533,嘉实纳斯达克100ETF发起联接(QDII)C人民币,指数型-海外股票,2.1438,09-09,暂停申购,开放赎回,,10.0,100.0,0.0,4,0.00%
016534,嘉实纳斯达克100ETF发起联接(QDII)A美元现汇,指数型-海外股票,0.3200,09-09,暂停申购,开放赎回,,10.0,0.01,1.0,4,0.10%
016535,嘉实纳斯达克100ETF发起联接(QDII)C美元现汇,指数型-海外股票,0.3163,09-09,暂停申购,开放赎回,,10.0,0.01,0.0,4,0.00%
016664,天弘全球高端制造混合(QDII)A,QDII-混合偏股,2.8796,09-09,限大额,开放赎回,,10.0,500.0,1.0,1,0.15%
016665,天弘全球高端制造混合(QDII)C,QDII-混合偏股,2.8507,09-09,限大额,开放赎回,,10.0,500.0,0.0,1,0.00%
016667,景顺长城全球半导体芯片股票A(QDII-LOF)(美元现汇),QDII-普通股票,0.4418,09-09,暂停申购,开放赎回,,200.0,0,0,,1.60%
016668,景顺长城全球半导体芯片股票C(QDII-LOF)(人民币),QDII-普通股票,2.9519,09-09,暂停申购,开放赎回,,10.0,100.0,0.0,4,0.00%
016701,银华海外数字经济量化选股混合发起式(QDII)A,QDII-混合偏股,2.1442,09-09,限大额,开放赎回,,10.0,1000.0,1.0,1,0.15%
016702,银华海外数字经济量化选股混合发起式(QDII)C,QDII-混合偏股,2.1109,09-09,限大额,开放赎回,,10.0,1000.0,0.0,1,0.00%
016742,华安大中华升级股票(QDII)C,QDII-普通股票,2.5040,09-09,开放申购,开放赎回,,10.0,100000000000,0.0,1,0.00%
016823,天弘全球新能源汽车股票(QDII-LOF)C,QDII-普通股票,1.9167,09-09,限大额,开放赎回,,10.0,500.0,0.0,1,0.00%
016970,华夏恒生生物科技ETF发起式联接(QDII)A,指数型-海外股票,1.1395,09-10,开放申购,开放赎回,,10.0,100000000000,1.0,1,0.12%
016971,华夏恒生生物科技ETF发起式联接(QDII)C,指数型-海外股票,1.1266,09-10,开放申购,开放赎回,,10.0,100000000000,0.0,1,0.00%
016988,景顺长城大中华混合(QDII)C人民币,QDII-混合偏股,2.1120,09-09,开放申购,开放赎回,,10.0,100000000000,0.0,1,0.00%
017028,国泰标普500ETF发起联接(QDII)A人民币,指数型-海外股票,1.7166,09-09,暂停申购,开放赎回,,10.0,10000.0,1.0,4,0.10%
017030,国泰标普500ETF发起联接(QDII)C人民币,指数型-海外股票,1.6972,09-09,暂停申购,开放赎回,,10.0,10000.0,0.0,4,0.00%
017071,申万菱信全球新能源股票型发起式(QDII)A,QDII-普通股票,1.2903,09-09,开放申购,开放赎回,,10.0,100000000000,1.0,1,0.10%
017072,申万菱信全球新能源股票型发起式(QDII)C,QDII-普通股票,1.2827,09-09,开放申购,开放赎回,,10.0,100000000000,0.0,1,0.00%
017091,景顺长城纳斯达克科技ETF联接(QDII)A人民币,指数型-海外股票,2.8921,09-09,暂停申购,开放赎回,,10.0,100.0,1.0,4,0.12%
017092,景顺长城纳斯达克科技ETF联接(QDII)A美元现汇,指数型-海外股票,0.4267,09-09,暂停申购,开放赎回,,1.0,0,0,,1.20%
017093,景顺长城纳斯达克科技ETF联接(QDII)C人民币,指数型-海外股票,2.8463,09-09,暂停申购,开放赎回,,10.0,100.0,0.0,4,0.00%
017144,华宝海外新能源汽车股票发起式(QDII)A,QDII-普通股票,1.5625,09-09,限大额,开放赎回,,10.0,10000.0,1.0,1,0.15%
017145,华宝海外新能源汽车股票发起式(QDII)C,QDII-普通股票,1.5430,09-09,限大额,开放赎回,,10.0,10000.0,0.0,1,0.00%
017204,华宝海外科技股票(QDII-LOF)C,QDII-普通股票,2.3638,09-09,限大额,开放赎回,,10.0,20.0,0.0,1,0.00%
017429,嘉实全球创新龙头股票(QDII)人民币A,QDII-普通股票,0.9601,09-09,开放申购,开放赎回,,10.0,100000000000,1.0,1,0.15%
017430,嘉实全球创新龙头股票(QDII)美元,QDII-普通股票,0.1417,09-09,暂停申购,暂停赎回,,0,0.01,1.0,,0.15%
017431,嘉实全球创新龙头股票(QDII)人民币C,QDII-普通股票,0.9431,09-09,开放申购,开放赎回,,10.0,100000000000,0.0,1,0.00%
017436,华宝纳斯达克精选股票发起式(QDII)A,QDII-普通股票,2.3822,09-09,限大额,开放赎回,,10.0,2000.0,1.0,1,0.15%
017437,华宝纳斯达克精选股票发起式(QDII)C,QDII-普通股票,2.3508,09-09,限大额,开放赎回,,10.0,2000.0,0.0,1,0.00%
017641,摩根标普500指数(QDII)人民币A,指数型-海外股票,1.6975,09-09,限大额,开放赎回,,10.0,10.0,1.0,1,0.12%
017642,摩根标普500指数(QDII)美钞,指数型-海外股票,0.2505,09-09,限大额,开放赎回,,1.0,0,0,,1.20%
017643,摩根标普500指数(QDII)美汇,指数型-海外股票,0.2505,09-09,限大额,开放赎回,,1.0,0,0,,1.20%
017653,创金合信全球芯片产业股票发起(QDII)A,QDII-普通股票,2.2112,09-09,限大额,开放赎回,,10.0,100000.0,1.0,1,0.15%
017654,创金合信全球芯片产业股票发起(QDII)C,QDII-普通股票,2.1759,09-09,限大额,开放赎回,,10.0,100000.0,0.0,1,0.00%
017730,嘉实全球产业升级股票发起式(QDII)A,QDII-普通股票,4.0861,09-09,限大额,开放赎回,,10.0,1000.0,1.0,1,0.15%
017731,嘉实全球产业升级股票发起式(QDII)C,QDII-普通股票,3.9999,09-09,限大额,开放赎回,,10.0,1000.0,0.0,1,0.00%
017873,汇添富香港优势精选混合(QDII)C,QDII-混合偏股,1.1870,09-09,限大额,开放赎回,,10.0,20000000,0.0,1,0.00%
017894,汇添富纳斯达克生物科技ETF发起式联接(QDII)人民币A,指数型-海外股票,1.5978,09-09,限大额,开放赎回,,10.0,100.0,1.0,1,0.12%
017895,汇添富纳斯达克生物科技ETF发起式联接(QDII)人民币C,指数型-海外股票,1.5848,09-09,限大额,开放赎回,,10.0,100.0,0.0,1,0.00%
017951,汇添富纳斯达克生物科技ETF发起式联接(QDII)美元现汇,指数型-海外股票,1.6278,09-09,暂停申购,开放赎回,,10.0,0.01,1.0,4,0.12%
017952,汇添富纳斯达克生物科技ETF发起式联接(QDII)美元现钞,指数型-海外股票,1.6295,09-09,暂停申购,暂停赎回,,1.0,0.01,1.0,,0.12%
017970,摩根海外稳健配置混合(QDII-FOF)人民币A,QDII-FOF,1.0599,09-09,限大额,开放赎回,,10.0,100000.0,99.0,1,0.20%
017971,摩根海外稳健配置混合(QDII-FOF)美元现汇,QDII-FOF,0.1564,09-09,限大额,开放赎回,,1.0,0,0,,0.20%
017972,摩根海外稳健配置混合(QDII-FOF)美元现钞,QDII-FOF,0.1564,09-09,限大额,开放赎回,,1.0,0,0,,0.20%
018036,长城全球新能源车股票发起式(QDII)C,QDII-普通股票,2.6602,09-09,限大额,开放赎回,,10.0,10000.0,0.0,1,0.00%
018043,天弘纳斯达克100指数发起(QDII)A,指数型-海外股票,2.0298,09-09,限大额,开放赎回,,10.0,100.0,1.0,1,0.10%
018044,天弘纳斯达克100指数发起(QDII)C,指数型-海外股票,2.0126,09-09,限大额,开放赎回,,10.0,100.0,0.0,1,0.00%
018064,华夏标普500ETF发起式联接(QDII)A(人民币),指数型-海外股票,1.6922,09-09,暂停申购,开放赎回,,10.0,100.0,1.0,4,0.12%
018065,华夏标普500ETF发起式联接(QDII)C,指数型-海外股票,1.6754,09-09,暂停申购,开放赎回,,10.0,100.0,0.0,4,0.00%
018066,华夏标普500ETF发起式联接(QDII)A(美元),指数型-海外股票,0.2523,09-09,暂停申购,开放赎回,,1.0,0,0,,1.20%
018078,南方恒生生物科技ETF发起联接(QDII)A,指数型-海外股票,1.2419,09-10,开放申购,开放赎回,,10.0,100000000000,1.0,1,0.12%
018079,南方恒生生物科技ETF发起联接(QDII)C,指数型-海外股票,1.2299,09-10,开放申购,开放赎回,,10.0,100000000000,0.0,1,0.00%
018147,建信新兴市场混合(QDII)C,QDII-混合偏股,2.4460,09-09,限大额,开放赎回,,10.0,100.0,0.0,1,0.00%
018155,创金合信全球医药生物股票发起(QDII)A,QDII-普通股票,1.5492,09-09,限大额,开放赎回,,10.0,100000.0,1.0,1,0.15%
018156,创金合信全球医药生物股票发起(QDII)C,QDII-普通股票,1.5287,09-09,限大额,开放赎回,,10.0,100000.0,0.0,1,0.00%
018200,嘉实恒生消费ETF发起联接(QDII)A,指数型-海外股票,0.7557,09-10,开放申购,开放赎回,,10.0,100000000000,1.0,1,0.10%
018201,嘉实恒生消费ETF发起联接(QDII)C,指数型-海外股票,0.7493,09-10,开放申购,开放赎回,,10.0,100000000000,0.0,1,0.00%
018229,易方达全球优质企业混合(QDII)A(人民币份额),QDII-混合偏股,2.0215,09-09,限大额,开放赎回,,10.0,50000.0,1.0,1,0.15%
018230,易方达全球优质企业混合(QDII)C(人民币份额),QDII-混合偏股,1.9909,09-09,限大额,开放赎回,,10.0,50000.0,0.0,1,0.00%
018231,易方达全球优质企业混合(QDII)A(美元现汇份额),QDII-混合偏股,0.2983,09-09,暂停申购,开放赎回,,10.0,0.01,1.0,4,0.15%
018232,易方达全球优质企业混合(QDII)C(美元现汇份额),QDII-混合偏股,0.2938,09-09,暂停申购,开放赎回,,10.0,0.01,0.0,4,0.00%
018432,嘉实恒生医疗保健ETF发起联接(QDII)A,指数型-海外股票,0.9805,09-10,开放申购,开放赎回,,10.0,100000000000,1.0,1,0.10%
018433,嘉实恒生医疗保健ETF发起联接(QDII)C,指数型-海外股票,0.9791,09-10,开放申购,开放赎回,,10.0,100000000000,0.0,1,0.00%
018475,万家恒生互联网科技业ETF发起式联接(QDII)A,指数型-海外股票,0.7873,09-10,开放申购,开放赎回,,10.0,100000000000,1.0,1,0.10%
018476,万家恒生互联网科技业ETF发起式联接(QDII)C,指数型-海外股票,0.7907,09-10,开放申购,开放赎回,,10.0,100000000000,0.0,1,0.00%
018523,华泰紫金恒生互联网科技业指数型发起基金(QDII)A,指数型-海外股票,0.7640,09-10,限大额,开放赎回,,10.0,5000000.0,1.0,1,0.10%
018524,华泰紫金恒生互联网科技业指数型发起基金(QDII)C,指数型-海外股票,0.7491,09-10,限大额,开放赎回,,10.0,5000000.0,0.0,1,0.00%
018543,汇添富黄金及贵金属(QDII-LOF-FOF)C,QDII-商品,1.6830,09-09,暂停申购,开放赎回,,10.0,100.0,0.0,4,0.00%
018577,摩根恒生科技ETF发起式联接(QDII)A,指数型-海外股票,0.9750,09-10,开放申购,开放赎回,,10.0,100000000000,1.0,1,0.12%
018578,摩根恒生科技ETF发起式联接(QDII)C,指数型-海外股票,0.9650,09-10,开放申购,开放赎回,,10.0,100000000000,0.0,1,0.00%
018738,博时标普500ETF联接E(人民币),指数型-海外股票,5.5617,09-09,暂停申购,开放赎回,,1.0,0,0,,0.00%
018851,博时标普石油天然气勘探及生产精选行业指数发起(QDII)A人民币,指数型-海外股票,1.2259,09-09,限大额,开放赎回,,10.0,100000.0,1.0,1,0.10%
018852,博时标普石油天然气勘探及生产精选行业指数发起(QDII)A美元现汇,指数型-海外股票,0.1809,09-09,限大额,开放赎回,,100.0,0,0,,1.00%
018853,博时标普石油天然气勘探及生产精选行业指数发起(QDII)C人民币,指数型-海外股票,1.2068,09-09,限大额,开放赎回,,10.0,100000.0,0.0,1,0.00%
018854,博时标普石油天然气勘探及生产精选行业指数发起(QDII)C美元现汇,指数型-海外股票,0.1781,09-09,限大额,开放赎回,,100.0,0,0,,0.00%
018966,汇添富纳斯达克100ETF发起式联接(QDII)人民币A,指数型-海外股票,1.6291,09-09,限大额,开放赎回,,10.0,10.0,1.0,1,0.12%
018967,汇添富纳斯达克100ETF发起式联接(QDII)人民币C,指数型-海外股票,1.6093,09-09,限大额,开放赎回,,10.0,10.0,0.0,1,0.00%
018968,汇添富纳斯达克100ETF发起式联接(QDII)美元现汇,指数型-海外股票,1.7264,09-09,暂停申购,开放赎回,,10.0,0.01,1.0,4,0.12%
018969,汇添富纳斯达克100ETF发起式联接(QDII)美元现钞,指数型-海外股票,1.7369,09-09,暂停申购,暂停赎回,,1.0,0.01,1.0,,0.12%
019035,易方达全球医药行业混合发起式(QDII)C(人民币),QDII-混合偏股,1.1239,09-09,开放申购,开放赎回,,10.0,100000000000,0.0,1,0.00%
019036,易方达全球医药行业混合发起式(QDII)C(美元现汇),QDII-混合偏股,0.1658,09-09,暂停申购,开放赎回,,10.0,0.01,0.0,4,0.00%
019075,嘉实全球产业精选混合发起式(QDII)人民币,QDII-混合偏股,1.3046,09-09,开放申购,开放赎回,,10.0,100000000000,1.0,1,0.15%
019076,嘉实全球产业精选混合发起式(QDII)美元,QDII-混合偏股,0.1925,09-09,暂停申购,暂停赎回,,1.0,0.01,1.0,,0.15%
019102,景顺长城恒生消费ETF联接(QDII)A,指数型-海外股票,0.9132,09-10,开放申购,开放赎回,,10.0,100000000000,1.0,1,0.12%
019103,景顺长城恒生消费ETF联接(QDII)C,指数型-海外股票,0.9067,09-10,开放申购,开放赎回,,10.0,100000000000,0.0,1,0.00%
019118,景顺长城纳斯达克科技ETF联接(QDII)E人民币,指数型-海外股票,2.8719,09-09,暂停申购,开放赎回,,10.0,100.0,0.0,4,0.00%
019155,易方达全球配置混合(QDII)A(人民币),QDII-混合灵活,1.6606,09-09,限大额,开放赎回,,10.0,10000.0,1.0,1,0.15%
019156,易方达全球配置混合(QDII)C(人民币),QDII-混合灵活,1.6355,09-09,限大额,开放赎回,,10.0,10000.0,0.0,1,0.00%
019157,易方达全球配置混合(QDII)A(美元现汇),QDII-混合灵活,0.2450,09-09,暂停申购,开放赎回,,10.0,0.01,1.0,4,0.15%
019158,易方达全球配置混合(QDII)C(美元现汇),QDII-混合灵活,0.2413,09-09,暂停申购,开放赎回,,10.0,0.01,0.0,4,0.00%
019172,摩根纳斯达克100指数(QDII)人民币A,指数型-海外股票,1.7480,09-09,限大额,开放赎回,,10.0,10.0,1.0,1,0.12%
019173,摩根纳斯达克100指数(QDII)人民币C,指数型-海外股票,1.7318,09-09,限大额,开放赎回,,10.0,10.0,0.0,1,0.00%
019174,摩根纳斯达克100指数(QDII)美元现汇A,指数型-海外股票,1.8433,09-09,限大额,开放赎回,,1.0,0,0,,1.20%
019175,摩根纳斯达克100指数(QDII)美元现汇C,指数型-海外股票,1.8350,09-09,限大额,开放赎回,,1.0,0,0,,0.00%
019230,广发全球稳健配置混合(QDII)人民币A,QDII-混合债,1.1436,09-09,限大额,开放赎回,,10.0,600000.0,1.0,1,0.15%
019231,广发全球稳健配置混合(QDII)人民币C,QDII-混合债,1.1307,09-09,限大额,开放赎回,,10.0,600000.0,0.0,1,0.00%
019232,广发全球稳健配置混合(QDII)美元A,QDII-混合债,0.1687,09-09,限大额,开放赎回,,1.0,0,0,,1.50%
019233,广发全球稳健配置混合(QDII)美元C,QDII-混合债,0.1668,09-09,限大额,开放赎回,,1.0,0,0,,0.00%
019265,南方港股数字经济混合发起(QDII)A,QDII-混合偏股,1.5117,09-09,开放申购,开放赎回,,10.0,100000000000,1.0,1,0.12%
019266,南方港股数字经济混合发起(QDII)C,QDII-混合偏股,1.4864,09-09,开放申购,开放赎回,,10.0,100000000000,0.0,1,0.00%
019305,摩根标普500指数(QDII)人民币C,指数型-海外股票,1.6813,09-09,限大额,开放赎回,,10.0,10.0,0.0,1,0.00%
019415,南方港股医药行业混合发起(QDII)A,QDII-混合偏股,1.3670,09-09,开放申购,开放赎回,,10.0,100000000000,1.0,1,0.12%
019416,南方港股医药行业混合发起(QDII)C,QDII-混合偏股,1.3176,09-09,开放申购,开放赎回,,10.0,100000000000,0.0,1,0.00%
019441,万家纳斯达克100指数发起式(QDII)A,指数型-海外股票,1.6784,09-09,限大额,开放赎回,,10.0,100.0,1.0,1,0.10%
019442,万家纳斯达克100指数发起式(QDII)C,指数型-海外股票,1.6674,09-09,限大额,开放赎回,,10.0,100.0,0.0,1,0.00%
019447,华夏全球科技先锋混合(QDII)A(美元现汇),QDII-混合偏股,0.4013,09-09,限大额,开放赎回,,1.0,0,0,,1.50%
019448,华夏全球科技先锋混合(QDII)A(美元现钞),QDII-混合偏股,0.4013,09-09,限大额,开放赎回,,1.0,0,0,,1.50%
019449,摩根日本精选股票(QDII)C,QDII-普通股票,2.2214,09-10,限大额,开放赎回,,10.0,2000.0,0.0,1,0.00%
019450,摩根欧洲动力策略股票(QDII)C,QDII-普通股票,1.8102,09-09,限大额,开放赎回,,10.0,10000.0,0.0,1,0.00%
019454,华泰柏瑞中韩半导体ETF发起式联接(QDII)A,指数型-海外股票,3.6476,09-10,限大额,开放赎回,,10.0,100.0,1.0,1,0.12%
019455,华泰柏瑞中韩半导体ETF发起式联接(QDII)C,指数型-海外股票,3.6211,09-10,限大额,开放赎回,,10.0,100.0,0.0,1,0.00%
019480,博时亚洲票息收益债券C人民币,QDII-纯债,1.4555,09-09,限大额,开放赎回,,10.0,2000.0,0.0,1,0.00%
019481,博时亚洲票息收益债券C美元现汇,QDII-纯债,0.2148,09-09,限大额,开放赎回,,10.0,0,0,,0.00%
019495,摩根富时发达市场REITs指数(QDII)人民币C,指数型-海外股票,1.4809,09-09,限大额,开放赎回,,10.0,100000.0,0.0,1,0.00%
019512,摩根全球多元配置(QDII-FOF)人民币C,QDII-混合平衡,1.8720,09-09,限大额,开放赎回,,10.0,100000.0,0.0,1,0.00%
019518,富国全球债券(QDII)人民币C,QDII-混合债,1.2461,09-09,限大额,开放赎回,,10.0,20000.0,0.0,1,0.00%
019524,华泰柏瑞纳斯达克100ETF发起式联接(QDII)A,指数型-海外股票,1.6443,09-09,限大额,开放赎回,,10.0,10.0,1.0,1,0.12%
019525,华泰柏瑞纳斯达克100ETF发起式联接(QDII)C,指数型-海外股票,1.6304,09-09,限大额,开放赎回,,10.0,10.0,0.0,1,0.00%
019547,招商纳斯达克100ETF发起式联接(QDII)A,指数型-海外股票,1.5698,09-09,限大额,开放赎回,,10.0,10.0,1.0,1,0.12%
019548,招商纳斯达克100ETF发起式联接(QDII)C,指数型-海外股票,1.5526,09-09,限大额,开放赎回,,10.0,10.0,0.0,1,0.00%
019549,华夏全球股票美元现汇(QDII),QDII-普通股票,0.2032,09-09,限大额,开放赎回,,1.0,0,0,,1.60%
019550,华夏全球股票美元现钞(QDII),QDII-普通股票,0.2032,09-09,限大额,开放赎回,,1.0,0,0,,1.60%
019573,摩根中国生物医药混合(QDII)C,QDII-混合偏股,1.4837,09-09,开放申购,开放赎回,,10.0,9999999999,0.0,1,0.00%
019578,摩根全球天然资源混合(QDII)C,QDII-混合偏股,1.6652,09-09,限大额,开放赎回,,10.0,10000.0,0.0,1,0.00%
019630,银华美元债精选债券(QDII)D,QDII-纯债,1.0832,09-09,限大额,开放赎回,,10.0,100.0,1.0,1,0.08%
019641,摩根亚太优势混合(QDII)C,QDII-混合偏股,1.3237,09-09,限大额,开放赎回,,10.0,100000.0,0.0,1,0.00%
019670,广发港股创新药ETF联接(QDII)A,指数型-海外股票,1.3332,09-10,开放申购,开放赎回,,10.0,100000000000,1.0,1,0.12%
019671,广发港股创新药ETF联接(QDII)C,指数型-海外股票,1.3218,09-10,开放申购,开放赎回,,10.0,100000000000,0.0,1,0.00%
019709,富国亚洲收益债券(QDII)人民币C,QDII-纯债,1.0451,09-09,限大额,开放赎回,,10.0,10000000,0.0,1,0.00%
019710,广发道琼斯石油指数(QDII-LOF)人民币E,指数型-海外股票,3.1313,09-09,限大额,开放赎回,,10.0,100.0,0.0,1,0.00%
019711,广发道琼斯石油指数(QDII-LOF)美元现汇E,指数型-海外股票,0.4621,09-09,暂停申购,开放赎回,,1.0,0,0,,0.00%
019736,宝盈纳斯达克100指数发起(QDII)A人民币,指数型-海外股票,1.4864,09-09,限大额,开放赎回,,10.0,200.0,1.0,1,0.12%
019737,宝盈纳斯达克100指数发起(QDII)C人民币,指数型-海外股票,1.4760,09-09,限大额,开放赎回,,10.0,200.0,0.0,1,0.00%
019738,宝盈纳斯达克100指数发起(QDII)A美元现汇,指数型-海外股票,,,封闭期,封闭期,,1.0,0,0,,1.20%
019739,宝盈纳斯达克100指数发起(QDII)C美元现汇,指数型-海外股票,,,封闭期,封闭期,,1.0,0,0,,0.00%
019893,中银美元债债券(QDII)人民币C,QDII-纯债,1.1897,09-09,限大额,开放赎回,,10.0,300000.0,0.0,1,0.00%
019936,华安恒生互联网科技业ETF发起式联接(QDII)A,指数型-海外股票,1.0565,09-10,限大额,开放赎回,,10.0,5000000.0,1.0,1,0.05%
019937,华安恒生互联网科技业ETF发起式联接(QDII)C,指数型-海外股票,1.0509,09-10,限大额,开放赎回,,10.0,5000000.0,0.0,1,0.00%
020512,摩根海外稳健配置混合(QDII-FOF)人民币C,QDII-FOF,1.0487,09-09,限大额,开放赎回,,10.0,100000.0,0.0,1,0.00%
020515,华泰柏瑞东南亚科技ETF发起式联接(QDII)A,指数型-海外股票,1.0602,09-09,限大额,开放赎回,,10.0,500.0,1.0,1,0.12%
020516,华泰柏瑞东南亚科技ETF发起式联接(QDII)C,指数型-海外股票,1.0509,09-09,限大额,开放赎回,,10.0,500.0,0.0,1,0.00%
020571,融通中国概念债券(QDII)C,QDII-混合债,1.1471,09-09,限大额,开放赎回,,10.0,1000000.0,0.0,1,0.00%
020621,华夏中证香港内地国有企业ETF发起式联接(QDII)A,指数型-海外股票,1.6055,09-10,开放申购,开放赎回,,10.0,100000000000,1.0,1,0.12%
020622,华夏中证香港内地国有企业ETF发起式联接(QDII)C,指数型-海外股票,1.5917,09-10,开放申购,开放赎回,,10.0,100000000000,0.0,1,0.00%
020634,汇添富恒生生物科技ETF发起式联接(QDII)A,指数型-海外股票,1.6149,09-10,开放申购,开放赎回,,10.0,100000000000,1.0,1,0.10%
020635,汇添富恒生生物科技ETF发起式联接(QDII)C,指数型-海外股票,1.6065,09-10,开放申购,开放赎回,,10.0,100000000000,0.0,1,0.00%
020712,华安三菱日联日经225ETF发起式联接(QDII)A,指数型-海外股票,1.4208,09-10,限大额,开放赎回,,10.0,10.0,1.0,1,0.06%
020713,华安三菱日联日经225ETF发起式联接(QDII)C,指数型-海外股票,1.4118,09-10,限大额,开放赎回,,10.0,10.0,0.0,1,0.00%
020743,广发恒生消费ETF发起式联接(QDII)A,指数型-海外股票,0.9176,09-10,开放申购,开放赎回,,10.0,99999999999,1.0,1,0.12%
020744,广发恒生消费ETF发起式联接(QDII)C,指数型-海外股票,0.9110,09-10,开放申购,开放赎回,,10.0,99999999999,0.0,1,0.00%
020957,中银全球策略(QDII-FOF)C,QDII-FOF,1.1126,09-09,限大额,开放赎回,,10.0,5000000.0,0.0,1,0.00%
020969,中信保诚全球商品(QDII)C,QDII-商品,0.9989,09-09,开放申购,开放赎回,,10.0,100000000000,0.0,1,0.00%
020988,南方恒生科技ETF发起联接(QDII)A,指数型-海外股票,1.0551,09-10,开放申购,开放赎回,,10.0,100000000000,1.0,1,0.12%
020989,南方恒生科技ETF发起联接(QDII)C,指数型-海外股票,1.0235,09-10,开放申购,开放赎回,,10.0,100000000000,0.0,1,0.00%
021000,南方纳斯达克100指数发起(QDII)I,指数型-海外股票,2.2840,09-09,限大额,开放赎回,,10.0,0,0,,0.00%
021044,国泰香港国企红利ETF联接(QDII)A,指数型-海外股票,1.4626,09-10,开放申购,开放赎回,,10.0,100000000000,1.0,1,0.10%
021045,国泰香港国企红利ETF联接(QDII)C,指数型-海外股票,1.4557,09-10,开放申购,开放赎回,,10.0,100000000000,0.0,1,0.00%
021053,南方恒生生物科技ETF发起联接(QDII)I,指数型-海外股票,1.2447,09-10,开放申购,开放赎回,,10.0,0,0,,0.00%
021189,南方亚太精选ETF联接(QDII)A,指数型-海外股票,1.5122,09-09,限大额,开放赎回,,10.0,10000.0,1.0,1,0.12%
021190,南方亚太精选ETF联接(QDII)C,指数型-海外股票,1.5053,09-09,限大额,开放赎回,,10.0,10000.0,0.0,1,0.00%
021277,广发全球精选股票(QDII)人民币C,QDII-普通股票,6.3069,09-09,限大额,开放赎回,,10.0,10000.0,0.0,1,0.00%
021539,华安法国CAC40ETF发起式联接(QDII)A,指数型-海外股票,1.0640,09-09,限大额,开放赎回,,10.0,100000.0,1.0,1,0.06%
021540,华安法国CAC40ETF发起式联接(QDII)C,指数型-海外股票,1.0582,09-09,限大额,开放赎回,,10.0,100000.0,0.0,1,0.00%
021583,中欧中证港股通央企红利指数发起(QDII)A,指数型-海外股票,1.1812,09-10,开放申购,开放赎回,,10.0,100000000000,1.0,1,0.12%
021584,中欧中证港股通央企红利指数发起(QDII)C,指数型-海外股票,1.1692,09-10,开放申购,开放赎回,,10.0,100000000000,0.0,1,0.00%
021633,招商中证香港科技ETF发起式联接(QDII)A,指数型-海外股票,1.2337,09-10,开放申购,开放赎回,,10.0,100000000000,1.0,1,0.12%
021634,招商中证香港科技ETF发起式联接(QDII)C,指数型-海外股票,1.2261,09-10,开放申购,开放赎回,,10.0,100000000000,0.0,1,0.00%
021658,华安恒生生物科技指数发起式(QDII)A,指数型-海外股票,1.5148,09-10,限大额,开放赎回,,10.0,3000000.0,1.0,1,0.10%
021659,华安恒生生物科技指数发起式(QDII)C,指数型-海外股票,1.5082,09-10,限大额,开放赎回,,10.0,3000000.0,0.0,1,0.00%
021662,国富亚洲机会股票(QDII)C,QDII-普通股票,2.8866,09-09,限大额,开放赎回,,10.0,1000.0,0.0,1,0.00%
021694,银华抗通胀主题(QDII-FOF-LOF)C,QDII-商品,1.1330,09-09,开放申购,开放赎回,,10.0,100000000000,0.0,1,0.00%
021773,汇添富纳斯达克100ETF发起式联接(QDII)人民币E,指数型-海外股票,1.6257,09-09,限大额,开放赎回,,10.0,10.0,0.0,1,0.00%
021778,广发纳指100ETF联接(QDII)人民币F,指数型-海外股票,8.1079,09-09,限大额,开放赎回,,500.0,0,0,,0.00%
021838,嘉实纳斯达克100ETF发起联接(QDII)I人民币,指数型-海外股票,2.1492,09-09,暂停申购,开放赎回,,1.0,0,0,,0.00%
021842,国富全球科技互联混合(QDII)人民币C,QDII-混合偏股,6.9018,09-09,限大额,开放赎回,,10.0,100.0,0.0,1,0.00%
021843,国富全球科技互联混合(QDII)美元现汇C,QDII-混合偏股,6.9872,09-09,限大额,开放赎回,,0,0,0,,0.00%
022005,广发恒生科技ETF联接(QDII)F,指数型-海外股票,0.6991,09-10,开放申购,开放赎回,,1.0,0,0,,0.00%
022121,国泰海通中证香港科技指数发起(QDII)A,指数型-海外股票,0.9064,09-10,开放申购,开放赎回,,10.0,100000000000,1.0,1,0.12%
022122,国泰海通中证香港科技指数发起(QDII)C,指数型-海外股票,0.9030,09-10,开放申购,开放赎回,,10.0,100000000000,0.0,1,0.00%
022170,富国全球消费精选混合(QDII)人民币E,QDII-混合偏股,1.4757,09-09,开放申购,开放赎回,,1.0,0,0,,0.00%
022184,富国全球科技互联网股票(QDII)C,QDII-普通股票,5.1873,09-09,限大额,开放赎回,,10.0,1000.0,0.0,1,0.00%
022325,长城中证港股通高股息指数发起(QDII)A,指数型-海外股票,1.1456,09-09,开放申购,开放赎回,,10.0,100000000000,1.0,1,0.12%
022326,长城中证港股通高股息指数发起(QDII)C,指数型-海外股票,1.1418,09-09,开放申购,开放赎回,,10.0,100000000000,0.0,1,0.00%
022374,富国亚洲收益债券(QDII)人民币E,QDII-纯债,1.0526,09-09,限大额,开放赎回,,1.0,0,0,,0.00%
022503,富国全球债券(QDII)人民币E,QDII-混合债,1.2553,09-09,限大额,开放赎回,,1.0,0,0,,0.00%
022512,南方亚洲美元收益债券(QDII)E(人民币),QDII-纯债,1.0026,09-09,限大额,开放赎回,,100.0,2000000.0,0.0,1,0.00%
022523,天弘标普500发起(QDII-FOF)D,QDII-FOF,2.2041,09-09,限大额,开放赎回,,1.0,0,0,,0.00%
022524,天弘越南市场股票发起(QDII)D,QDII-普通股票,1.6027,09-09,限大额,开放赎回,,0.1,0,0,,0.00%
022525,天弘纳斯达克100指数发起(QDII)D,指数型-海外股票,2.0085,09-09,限大额,开放赎回,,0.1,0,0,,0.00%
022647,华安恒生科技ETF发起式联接(QDII)I,指数型-海外股票,1.0479,09-10,限大额,开放赎回,,10.0,10000000,0.0,1,0.00%
022664,华泰柏瑞纳斯达克100ETF发起式联接(QDII)I,指数型-海外股票,1.6421,09-09,限大额,开放赎回,,10.0,10.0,0.0,1,0.00%
022680,华泰柏瑞恒生科技ETF联接(QDII)I,指数型-海外股票,0.9804,09-10,开放申购,开放赎回,,10.0,100000000000,0.0,1,0.00%
022681,华泰柏瑞中韩半导体ETF发起式联接(QDII)I,指数型-海外股票,3.6417,09-10,限大额,开放赎回,,10.0,100.0,0.0,1,0.00%
023034,中欧恒生科技指数发起(QDII)A,指数型-海外股票,0.8607,09-10,开放申购,开放赎回,,10.0,100000000000,1.0,1,0.10%
023035,中欧恒生科技指数发起(QDII)C,指数型-海外股票,0.8573,09-10,开放申购,开放赎回,,10.0,100000000000,0.0,1,0.00%
023073,国泰海通中证港股通高股息投资指数发起(QDII)A,指数型-海外股票,1.2342,09-10,限大额,开放赎回,,10.0,1000000.0,1.0,1,0.12%
023074,国泰海通中证港股通高股息投资指数发起(QDII)C,指数型-海外股票,1.2295,09-10,限大额,开放赎回,,10.0,1000000.0,0.0,1,0.00%
023242,中欧恒生消费指数发起(QDII)A,指数型-海外股票,0.8321,09-10,开放申购,开放赎回,,10.0,100000000000,1.0,1,0.10%
023243,中欧恒生消费指数发起(QDII)C,指数型-海外股票,0.8275,09-10,开放申购,开放赎回,,10.0,100000000000,0.0,1,0.00%
023373,建信富时100指数(QDII)D人民币,指数型-海外股票,1.4764,09-09,限大额,开放赎回,,10.0,10.0,0.0,1,0.00%
023402,广发全球精选股票(QDII)人民币F,QDII-普通股票,6.3507,09-09,限大额,开放赎回,,500.0,0,0,,0.00%
023422,建信纳斯达克100指数(QDII)D人民币,指数型-海外股票,3.3430,09-09,限大额,开放赎回,,10.0,10.0,0.0,1,0.00%
023559,招商普盛全球配置(QDII)人民币C,QDII-混合灵活,1.3412,09-09,开放申购,开放赎回,,10.0,100000000000,0.0,1,0.00%
023591,南方全球精选配置股票(QDII-FOF)C(人民币),QDII-普通股票,1.0062,09-09,限大额,开放赎回,,10.0,1000000.0,0.0,1,0.00%
023763,华夏恒生科技ETF发起式联接(QDII)D,指数型-海外股票,0.7095,09-10,限大额,开放赎回,,10.0,20000000,0.0,1,0.00%
023764,华夏恒生互联网科技业ETF发起式联接(QDII)D,指数型-海外股票,0.5517,09-10,限大额,开放赎回,,10.0,20000000,0.0,1,0.00%
023907,富国全球健康生活主题混合(QDII)人民币C,QDII-混合偏股,1.0540,09-09,开放申购,开放赎回,,10.0,100000000000,0.0,1,0.00%
024055,大成恒生医疗保健ETF发起式联接(QDII)A,指数型-海外股票,0.9183,09-10,开放申购,开放赎回,,10.0,100000000000,1.0,1,0.10%
024056,大成恒生医疗保健ETF发起式联接(QDII)C,指数型-海外股票,0.9161,09-10,开放申购,开放赎回,,10.0,100000000000,0.0,1,0.00%
024148,长城恒生科技指数(QDII)A,指数型-海外股票,0.7825,09-09,开放申购,开放赎回,,10.0,100000000000,1.0,1,0.12%
024149,长城恒生科技指数(QDII)C,指数型-海外股票,0.7802,09-09,开放申购,开放赎回,,10.0,100000000000,0.0,1,0.00%
024166,西部利得恒生科技指数(QDII)A,指数型-海外股票,0.7268,09-10,开放申购,开放赎回,,10.0,100000000000,1.0,1,0.12%
024167,西部利得恒生科技指数(QDII)C,指数型-海外股票,0.7247,09-10,开放申购,开放赎回,,10.0,100000000000,0.0,1,0.00%
024237,博时纳斯达克100ETF发起式联接(QDII)I人民币,指数型-海外股票,2.1087,09-09,暂停申购,开放赎回,,1.0,0,0,,0.00%
024239,华夏全球科技先锋混合(QDII)C,QDII-混合偏股,2.6833,09-09,限大额,开放赎回,,10.0,5000.0,0.0,1,0.00%
024393,永赢恒生消费指数发起(QDII)A,指数型-海外股票,0.7998,09-10,开放申购,开放赎回,,10.0,100000000000,1.0,1,0.10%
024394,永赢恒生消费指数发起(QDII)C,指数型-海外股票,0.7967,09-10,开放申购,开放赎回,,10.0,100000000000,0.0,1,0.00%
024846,富国中国中小盘混合(QDII)人民币C,QDII-混合偏股,3.2041,09-09,开放申购,开放赎回,,10.0,100000000000,0.0,1,0.00%
025070,东方红医疗创新混合(QDII)A,QDII-混合偏股,0.8703,09-10,开放申购,开放赎回,,10.0,100000000000,99.0,1,1.50%
025071,东方红医疗创新混合(QDII)C,QDII-混合偏股,0.8660,09-10,开放申购,开放赎回,,10.0,100000000000,0.0,1,0.00%
025162,国泰大宗商品(QDII-LOF)D,QDII-商品,0.6630,09-09,限大额,开放赎回,,10.0,300000.0,1.0,1,0.15%
025174,长城港股医疗保健精选混合发起(QDII)A,QDII-混合偏股,0.7996,09-09,开放申购,开放赎回,,10.0,100000000000,1.0,1,0.15%
025175,长城港股医疗保健精选混合发起(QDII)C,QDII-混合偏股,0.7946,09-09,开放申购,开放赎回,,10.0,100000000000,0.0,1,0.00%
025330,银华恒生国企指数(QDII-LOF)C,指数型-海外股票,0.7105,09-10,开放申购,开放赎回,,10.0,100000000000,0.0,1,0.00%
025339,招商普盛全球配置(QDII)人民币D,QDII-混合灵活,1.3499,09-09,开放申购,开放赎回,,10.0,0,0,,1.20%
025403,工银新经济混合(QDII)人民币C,QDII-混合灵活,1.3621,09-09,开放申购,开放赎回,,10.0,100000000000,0.0,1,0.00%
025587,光大阳光香港精选混合(QDII)A人民币,QDII-混合偏股,0.6119,09-09,开放申购,开放赎回,,10.0,100000000000,1.0,1,0.12%
025588,光大阳光香港精选混合(QDII)A美元现汇,QDII-混合偏股,0.0903,09-09,封闭期,开放赎回,,1.0,0,0,,1.20%
025589,光大阳光香港精选混合(QDII)C人民币,QDII-混合偏股,0.4386,09-09,开放申购,开放赎回,,10.0,100000000000,0.0,1,0.00%
025654,富国医药精选混合(QDII)A,QDII-混合偏股,0.9960,09-10,开放申购,开放赎回,,10.0,100000000000,1.0,1,0.15%
025655,富国医药精选混合(QDII)C,QDII-混合偏股,0.9909,09-10,开放申购,开放赎回,,10.0,100000000000,0.0,1,0.00%
025787,大成港股恒信混合(QDII),QDII-混合偏股,0.8705,09-09,开放申购,开放赎回,,1.0,0,0,,1.50%
025852,富国港股精选混合(QDII)人民币,QDII-混合偏股,0.9074,09-10,开放申购,开放赎回,,1.0,0,0,,1.50%
025853,富国港股精选混合(QDII)美元现汇,QDII-混合偏股,0.1339,09-10,开放申购,开放赎回,,0,0,0,,1.50%
026015,宏利印度股票(QDII)C,QDII-普通股票,1.3464,09-09,暂停申购,开放赎回,,10.0,0.01,0.0,4,0.00%
026206,宝盈恒生科技指数(QDII)A,指数型-海外股票,0.7891,09-10,限大额,开放赎回,,10.0,1000000.0,1.0,1,0.12%
026207,宝盈恒生科技指数(QDII)C,指数型-海外股票,0.7878,09-10,限大额,开放赎回,,10.0,1000000.0,0.0,1,0.00%
026228,富国全球科技互联网股票(QDII)D,QDII-普通股票,5.1930,09-09,限大额,开放赎回,,1.0,0,0,,1.50%
026246,汇丰晋信港股精选股票(QDII)人民币A,QDII-普通股票,0.9536,09-09,开放申购,开放赎回,,10.0,100000000000,1.0,1,0.08%
026247,汇丰晋信港股精选股票(QDII)人民币C,QDII-普通股票,0.9523,09-09,开放申购,开放赎回,,10.0,100000000000,0.0,1,0.00%
026248,汇丰晋信港股精选股票(QDII)美元现汇A,QDII-普通股票,0.1407,09-09,开放申购,开放赎回,,10.0,0,0,,0.80%
026259,银华医疗创新混合(QDII)A,QDII-混合偏股,1.0626,09-10,开放申购,开放赎回,,10.0,100000000000,1.0,1,0.08%
026260,银华医疗创新混合(QDII)C,QDII-混合偏股,1.0610,09-10,开放申购,开放赎回,,10.0,100000000000,0.0,1,0.00%
026291,中欧港股消费混合发起(QDII)A,QDII-混合偏股,0.8912,09-09,开放申购,开放赎回,,10.0,100000000000,1.0,1,0.08%
026292,中欧港股消费混合发起(QDII)C,QDII-混合偏股,0.8892,09-09,开放申购,开放赎回,,10.0,100000000000,0.0,1,0.00%
026357,平安港股医疗优选股票(QDII)A,QDII-普通股票,0.9533,09-09,开放申购,开放赎回,,10.0,100000000000,1.0,1,0.15%
026358,平安港股医疗优选股票(QDII)C,QDII-普通股票,0.9499,09-09,开放申购,开放赎回,,10.0,100000000000,0.0,1,0.00%
026442,国泰海通港股优势精选股票发起(QDII)A,QDII-普通股票,0.9196,09-10,开放申购,开放赎回,,1.0,0,0,,0.80%
026443,国泰海通港股优势精选股票发起(QDII)C,QDII-普通股票,0.9179,09-10,开放申购,开放赎回,,1.0,0,0,,0.00%
026492,广发港股优选混合(QDII),QDII-混合偏股,0.9872,09-09,开放申购,开放赎回,,1.0,0,0,,0.80%
026534,兴业恒生科技指数(QDII)A,指数型-海外股票,0.8849,09-09,开放申购,开放赎回,,10.0,100000000000,1.0,1,0.03%
026535,兴业恒生科技指数(QDII)C,指数型-海外股票,0.8839,09-09,开放申购,开放赎回,,10.0,100000000000,0.0,1,0.00%
026703,长城港股价值优选股票(QDII)A,QDII-普通股票,1.0049,09-09,开放申购,开放赎回,,10.0,100000000000,1.0,1,0.08%
026704,长城港股价值优选股票(QDII)C,QDII-普通股票,1.0030,09-09,开放申购,开放赎回,,10.0,100000000000,0.0,1,0.00%
027164,富国恒生科技指数(QDII)A,指数型-海外股票,0.9304,09-10,开放申购,开放赎回,,10.0,100000000000,99.0,1,0.30%
027165,富国恒生科技指数(QDII)C,指数型-海外股票,0.9301,09-10,开放申购,开放赎回,,10.0,100000000000,0.0,1,0.00%
027170,交银环球精选混合(QDII)C,QDII-混合偏股,2.9770,09-09,开放申购,开放赎回,,10.0,100000000000,0.0,1,0.00%
027186,平安启瑞港股甄选混合(QDII),QDII-混合偏股,1.0110,09-09,暂停申购,开放赎回,,10.0,0.01,99.0,4,0.80%
027205,广发优势企业混合(QDII)A,QDII-混合偏股,0.9522,09-04,暂停申购,暂停赎回,,10.0,100000000000,1.0,6,0.08%
027206,广发优势企业混合(QDII)C,QDII-混合偏股,0.9514,09-04,暂停申购,暂停赎回,,10.0,100000000000,0.0,6,0.00%
027379,中欧港股医药混合发起(QDII)A,QDII-混合偏股,1.0241,09-09,开放申购,开放赎回,,10.0,100000000000,1.0,1,0.08%
027380,中欧港股医药混合发起(QDII)C,QDII-混合偏股,1.0230,09-09,开放申购,开放赎回,,10.0,100000000000,0.0,1,0.00%
027450,交银港股消费混合(QDII)A,QDII-混合偏股,1.0006,09-04,封闭期,封闭期,,1.0,0,0,,0.80%
027451,交银港股消费混合(QDII)C,QDII-混合偏股,1.0005,09-04,暂停申购,暂停赎回,,10.0,100000000000,0.0,6,0.00%
027755,华宝医药精选混合(QDII)A,QDII-混合偏股,1.0015,09-04,暂停申购,暂停赎回,,10.0,100000000000,1.0,6,0.08%
027756,华宝医药精选混合(QDII)C,QDII-混合偏股,1.0014,09-04,暂停申购,暂停赎回,,10.0,100000000000,0.0,6,0.00%
027765,嘉实恒生科技ETF发起联接(QDII)A,指数型-海外股票,0.9288,09-10,开放申购,开放赎回,,10.0,100000000000,1.0,1,0.03%
027766,嘉实恒生科技ETF发起联接(QDII)C,指数型-海外股票,0.9284,09-10,开放申购,开放赎回,,10.0,100000000000,0.0,1,0.00%
027784,诺安全球黄金(QDII-FOF)C,QDII-商品,2.1130,09-09,开放申购,开放赎回,,10.0,100000000000,0.0,1,0.00%
027794,诺安全球收益不动产(QDII)C,QDII-REITs,1.2780,09-09,开放申购,开放赎回,,10.0,100000000000,0.0,1,0.00%
028041,宏利港股数字经济混合发起(QDII)A,QDII-混合偏股,1.0016,09-09,暂停申购,暂停赎回,,10.0,100000000000,1.0,6,0.08%
028042,宏利港股数字经济混合发起(QDII)C,QDII-混合偏股,1.0013,09-09,暂停申购,暂停赎回,,10.0,100000000000,0.0,6,0.00%
028325,南方全球精选配置股票(QDII-FOF)A(美元现汇),QDII-普通股票,0.1495,09-09,限大额,开放赎回,,100.0,0,0,,0.80%
028491,长盛环球行业混合(QDII)C,QDII-混合偏股,1.3777,09-09,限大额,开放赎回,,10.0,500000.0,0.0,1,0.00%
040018,华安香港精选股票(QDII),QDII-普通股票,3.2280,09-09,开放申购,开放赎回,,10.0,10000000000,1.0,1,0.16%
040021,华安大中华升级股票(QDII)A,QDII-普通股票,3.0750,09-09,开放申购,开放赎回,,10.0,100000000000,1.0,1,0.15%
040046,华安纳斯达克100ETF联接(QDII)A,指数型-海外股票,8.1663,09-09,限大额,开放赎回,,10.0,10.0,1.0,1,0.12%
040047,华安纳斯达克100ETF联接(QDII)A美元现钞,指数型-海外股票,1.2050,09-09,暂停申购,开放赎回,,0,0,0,,1.20%
040048,华安纳斯达克100ETF联接(QDII)A美元现汇,指数型-海外股票,1.2050,09-09,暂停申购,开放赎回,,0,0,0,,1.20%
050015,博时大中华亚太精选,QDII-普通股票,1.3480,09-09,限大额,开放赎回,,10.0,1000000.0,1.0,1,0.16%
050020,博时抗通胀增强回报,QDII-商品,0.6700,09-09,限大额,开放赎回,,10.0,10000.0,1.0,1,0.15%
050025,博时标普500ETF联接A,指数型-海外股票,5.5635,09-09,暂停申购,开放赎回,,10.0,100.0,1.0,4,0.12%
050030,博时亚洲票息收益债券A人民币,QDII-纯债,1.4572,09-09,限大额,开放赎回,,10.0,2000.0,1.0,1,0.08%
050202,博时亚洲票息收益债券A美元现汇,QDII-纯债,0.2150,09-09,限大额,开放赎回,,10.0,0,0,,0.80%
050203,博时亚洲票息收益债券A美元现钞,QDII-纯债,0.2150,09-09,限大额,开放赎回,,10.0,0,0,,0.80%
070012,嘉实海外中国股票混合,QDII-混合偏股,0.8440,09-09,限大额,开放赎回,,10.0,100.0,1.0,1,0.15%
070031,嘉实全球房地产(QDII),QDII-REITs,1.0890,09-09,限大额,开放赎回,,10.0,100.0,1.0,1,0.15%
080006,长盛环球行业混合(QDII)A,QDII-混合偏股,1.3781,09-09,限大额,开放赎回,,10.0,500000.0,1.0,1,0.15%
096001,大成标普500等权重指数(QDII)A人民币,指数型-海外股票,2.7904,09-09,限大额,开放赎回,,10.0,100.0,1.0,1,0.15%
100050,富国全球债券(QDII)人民币A,QDII-混合债,1.2559,09-09,限大额,开放赎回,,10.0,20000.0,1.0,1,0.08%
100055,富国全球科技互联网股票(QDII)A,QDII-普通股票,5.1996,09-09,限大额,开放赎回,,10.0,1000.0,1.0,1,0.15%
100061,富国中国中小盘混合(QDII)人民币A,QDII-混合偏股,3.2196,09-09,开放申购,开放赎回,,10.0,100000000000,1.0,1,0.15%
110011,易方达优质精选混合(QDII),QDII-混合偏股,4.0781,09-10,限大额,开放赎回,,10.0,50000.0,1.0,1,0.15%
110031,易方达恒生国企ETF联接A,指数型-海外股票,1.0191,09-10,开放申购,开放赎回,,10.0,100000000000,1.0,1,0.12%
110032,易方达恒生国企ETF联接现汇A,指数型-海外股票,0.1504,09-10,暂停申购,开放赎回,,10.0,0.01,1.0,4,0.12%
110033,易方达恒生国企ETF联接现钞A,指数型-海外股票,0.1504,09-10,开放申购,开放赎回,,0,0,0,,1.20%
118001,易方达亚洲精选股票,QDII-普通股票,1.7070,09-09,限大额,开放赎回,,10.0,5000000.0,1.0,1,0.16%
118002,易方达标普消费品指数A,指数型-海外股票,2.7930,09-09,开放申购,开放赎回,,10.0,100000000000,1.0,1,0.12%
158042,恒生科技ETF富国,指数型-海外股票,,,认购期,认购期,,0,0,0,,
159100,巴西ETF华夏,指数型-海外股票,1.1659,09-09,场内交易,场内交易,,0,0,0,,
159202,恒生互联网ETF万家,指数型-海外股票,0.7528,09-10,场内交易,场内交易,,0,0,0,,
159303,恒生医疗ETF大成,指数型-海外股票,1.5606,09-10,场内交易,场内交易,,0,0,0,,
159329,沙特ETF南方,指数型-海外股票,0.9168,09-09,场内交易,场内交易,,0,0,0,,
159501,纳指ETF嘉实,指数型-海外股票,1.8667,09-09,场内交易,场内交易,,0,0,0,,
159502,标普生物科技ETF嘉实,指数型-海外股票,1.5941,09-09,场内交易,场内交易,,0,0,0,,
159509,纳指科技ETF景顺,指数型-海外股票,2.2749,09-09,场内交易,场内交易,,0,0,0,,
159513,纳斯达克100ETF大成,指数型-海外股票,1.6595,09-09,场内交易,场内交易,,0,0,0,,
159518,标普油气ETF嘉实,指数型-海外股票,1.3150,09-09,场内交易,场内交易,,0,0,0,,
159519,港股国企ETF国泰,指数型-海外股票,1.8277,09-10,场内交易,场内交易,,0,0,0,,
159529,标普消费ETF景顺,指数型-海外股票,1.2369,09-09,场内交易,场内交易,,0,0,0,,
159557,恒生医疗ETF嘉实,指数型-海外股票,1.4290,09-10,场内交易,场内交易,,0,0,0,,
159561,德国ETF嘉实,指数型-海外股票,1.3389,09-09,场内交易,场内交易,,0,0,0,,
159577,美国50ETF汇添富,指数型-海外股票,1.5652,09-09,场内交易,场内交易,,0,0,0,,
159605,中概互联ETF广发,指数型-海外股票,0.7621,09-09,场内交易,场内交易,,0,0,0,,
159607,中概互联网ETF嘉实,指数型-海外股票,0.7613,09-09,场内交易,场内交易,,0,0,0,,
159612,标普500ETF国泰,指数型-海外股票,1.9205,09-09,场内交易,场内交易,,0,0,0,,
159615,恒生生物科技ETF南方,指数型-海外股票,1.1183,09-10,场内交易,场内交易,,0,0,0,,
159632,纳斯达克ETF华安,指数型-海外股票,2.2569,09-09,场内交易,场内交易,,0,0,0,,
159655,标普500ETF华夏,指数型-海外股票,1.8655,09-09,场内交易,场内交易,,0,0,0,,
159659,纳斯达克100ETF招商,指数型-海外股票,2.1468,09-09,场内交易,场内交易,,0,0,0,,
159660,纳指ETF汇添富,指数型-海外股票,2.1717,09-09,场内交易,场内交易,,0,0,0,,
159687,亚太精选ETF南方,指数型-海外股票,1.8964,09-09,场内交易,场内交易,,0,0,0,,
159688,恒生互联网ETF华安,指数型-海外股票,0.7131,09-10,场内交易,场内交易,,0,0,0,,
159696,纳指ETF易方达,指数型-海外股票,1.8500,09-09,场内交易,场内交易,,0,0,0,,
159699,恒生消费ETF广发,指数型-海外股票,0.8552,09-10,场内交易,场内交易,,0,0,0,,
159740,恒生科技ETF大成,指数型-海外股票,0.5432,09-10,场内交易,场内交易,,0,0,0,,
159741,恒生科技ETF嘉实,指数型-海外股票,0.5450,09-10,场内交易,场内交易,,0,0,0,,
159742,恒生科技ETF博时,指数型-海外股票,0.5575,09-10,场内交易,场内交易,,0,0,0,,
159747,香港科技ETF南方,指数型-海外股票,1.1117,09-10,场内交易,场内交易,,0,0,0,,
159750,港股科技50ETF招商,指数型-海外股票,0.8179,09-10,场内交易,场内交易,,0,0,0,,
159822,新经济ETF银华,指数型-海外股票,0.5814,09-09,场内交易,场内交易,,0,0,0,,
159850,恒生国企ETF华夏,指数型-海外股票,0.8083,09-10,场内交易,场内交易,,0,0,0,,
159866,日经ETF工银,指数型-海外股票,1.6720,09-10,场内交易,场内交易,,0,0,0,,
159892,恒生医药ETF华夏,指数型-海外股票,0.7805,09-10,场内交易,场内交易,,0,0,0,,
159920,恒生ETF华夏,指数型-海外股票,1.4826,09-10,场内交易,场内交易,,0,0,0,,
159941,纳指ETF广发,指数型-海外股票,1.4882,09-09,场内交易,场内交易,,0,0,0,,
160125,南方香港优选股票,QDII-普通股票,1.5780,09-09,开放申购,开放赎回,,10.0,100000000000,1.0,1,0.13%
160140,南方道琼斯美国精选A,指数型-海外股票,1.4104,09-09,开放申购,开放赎回,,10.0,100000000000,1.0,1,0.12%
160141,南方道琼斯美国精选C,指数型-海外股票,1.3649,09-09,开放申购,开放赎回,,10.0,100000000000,0.0,1,0.00%
160213,国泰纳斯达克100指数,指数型-海外股票,4.4660,09-09,限大额,开放赎回,,10.0,100.0,1.0,1,0.15%
160216,国泰大宗商品(QDII-LOF)A,QDII-商品,0.6620,09-09,限大额,开放赎回,,10.0,300000.0,1.0,1,0.15%
160416,华安标普全球石油指数(LOF)A,指数型-海外股票,2.2615,09-09,暂停申购,开放赎回,,10.0,2.0,1.0,4,0.12%
160644,鹏华港美互联股票人民币,QDII-普通股票,1.8951,09-09,暂停申购,开放赎回,,10.0,10000.0,1.0,4,0.15%
160717,嘉实H股指数(QDII-LOF),指数型-海外股票,0.7127,09-10,开放申购,开放赎回,,10.0,100000000000,1.0,1,0.15%
160719,嘉实黄金,QDII-商品,1.9520,09-09,暂停申购,开放赎回,,10.0,5.0,1.0,4,0.08%
160723,嘉实原油(QDII-LOF),QDII-商品,2.2772,09-09,暂停申购,开放赎回,,10.0,5.0,1.0,4,0.12%
160924,大成恒生指数(QDII-LOF)A,指数型-海外股票,0.9909,09-10,开放申购,开放赎回,,10.0,100000000000,1.0,1,0.12%
161116,易方达黄金主题人民币A,QDII-商品,1.6272,09-09,暂停申购,开放赎回,,10.0,10.0,1.0,4,0.10%
161124,易方达香港小型股指数A,指数型-海外股票,0.8860,09-10,限大额,开放赎回,,10.0,3000.0,1.0,1,0.12%
161125,易方达标普500指数人民币A,指数型-海外股票,3.1353,09-09,暂停申购,开放赎回,,10.0,10.0,1.0,4,0.12%
161126,易方达标普医疗保健人民币A,指数型-海外股票,2.0980,09-09,暂停申购,开放赎回,,10.0,10.0,1.0,4,0.12%
161127,易方达标普生物科技人民币A,指数型-海外股票,2.1049,09-09,暂停申购,开放赎回,,10.0,10.0,1.0,4,0.12%
161128,易方达标普信息科技指数(QDII-LOF)A(人民币),指数型-海外股票,6.7904,09-09,暂停申购,开放赎回,,10.0,10.0,1.0,4,0.12%
161129,易方达原油A类人民币,QDII-商品,1.9227,09-09,暂停申购,开放赎回,,10.0,10.0,1.0,4,0.12%
161130,易方达纳斯达克100ETF联接(QDII-LOF)A(人民币),指数型-海外股票,4.4337,09-09,暂停申购,开放赎回,,10.0,10.0,1.0,4,0.12%
161229,国投瑞银中国价值发现股票,QDII-普通股票,1.3918,09-09,开放申购,开放赎回,,10.0,100000000000,1.0,1,0.15%
161620,融通核心价值混合(QDII)A,QDII-混合灵活,1.0940,09-09,开放申购,开放赎回,,10.0,100000000000,1.0,1,0.15%
161815,银华抗通胀主题(QDII-FOF-LOF)A,QDII-商品,1.1430,09-09,开放申购,开放赎回,,10.0,100000000000,1.0,1,0.16%
161831,银华恒生国企指数(QDII-LOF)A,指数型-海外股票,0.7123,09-10,开放申购,开放赎回,,10.0,100000000000,1.0,1,0.12%
162411,华宝标普油气上游股票人民币A,指数型-海外股票,1.0197,09-09,暂停申购,开放赎回,,10.0,10.0,1.0,4,0.15%
162415,华宝标普美国消费人民币A,指数型-海外股票,2.7610,09-09,限大额,开放赎回,,10.0,1000.0,1.0,1,0.12%
162719,广发道琼斯石油指数人民币A,指数型-海外股票,3.1795,09-09,暂停申购,开放赎回,,10.0,10.0,1.0,4,0.12%
163208,诺安油气能源,QDII-普通股票,1.4560,09-09,暂停申购,开放赎回,,10.0,500.0,1.0,4,0.15%
163813,中银全球策略(QDII-FOF)A,QDII-FOF,1.1262,09-09,限大额,开放赎回,,10.0,5000000.0,1.0,1,0.15%
164212,天弘全球新能源汽车股票(QDII-LOF)A,QDII-普通股票,1.9362,09-09,限大额,开放赎回,,10.0,500.0,1.0,1,0.12%
164701,汇添富黄金及贵金属(QDII-LOF-FOF)A,QDII-商品,1.7070,09-09,暂停申购,开放赎回,,10.0,100.0,1.0,4,0.08%
164705,汇添富恒生指数(QDII-LOF)A,指数型-海外股票,1.1201,09-10,开放申购,开放赎回,,10.0,100000000000,1.0,1,0.12%
164824,工银印度基金人民币,QDII-混合偏股,1.2891,09-09,限大额,开放赎回,,10.0,500000.0,1.0,1,0.12%
164906,交银中证海外中国互联网指数(LOF)A,指数型-海外股票,0.8996,09-09,开放申购,开放赎回,,10.0,100000000000,1.0,1,0.12%
165513,中信保诚全球商品(QDII)A,QDII-商品,1.0320,09-09,开放申购,开放赎回,,10.0,100000000000,1.0,1,0.16%
202801,南方全球精选配置股票(QDII-FOF)A(人民币),QDII-普通股票,1.0134,09-09,限大额,开放赎回,,10.0,1000000.0,1.0,1,0.16%
206006,鹏华全球中短债(QDII)人民币A,QDII-混合债,0.5541,09-09,限大额,开放赎回,,10.0,1000000.0,1.0,1,0.08%
206011,鹏华美国房地产(QDII),QDII-REITs,0.9060,09-09,限大额,开放赎回,,10.0,100000.0,1.0,1,0.10%
241001,华宝海外中国成长混合,QDII-混合偏股,1.4980,09-09,开放申购,开放赎回,,10.0,100000000000,1.0,1,0.15%
262001,景顺长城大中华混合(QDII)A人民币,QDII-混合偏股,2.1430,09-09,开放申购,开放赎回,,10.0,100000000000,1.0,1,0.16%
270023,广发全球精选股票(QDII)人民币A,QDII-普通股票,6.3976,09-09,限大额,开放赎回,,10.0,10000.0,1.0,1,0.16%
270042,广发纳斯达克100ETF联接人民币(QDII)A,指数型-海外股票,8.1373,09-09,限大额,开放赎回,,2.0,2.0,1.0,1,0.13%
320013,诺安全球黄金(QDII-FOF)A,QDII-商品,2.1030,09-09,开放申购,开放赎回,,10.0,100000000000,1.0,1,0.08%
320017,诺安全球收益不动产(QDII)A,QDII-REITs,1.2790,09-09,开放申购,开放赎回,,10.0,100000000000,1.0,1,0.15%
377016,摩根亚太优势混合(QDII)A,QDII-混合偏股,1.3468,09-09,限大额,开放赎回,,10.0,100000.0,1.0,1,0.18%
378006,摩根全球新兴市场混合(QDII),QDII-混合偏股,1.7829,09-09,限大额,开放赎回,,10.0,10000.0,1.0,1,0.16%
378546,摩根全球天然资源混合(QDII)A,QDII-混合偏股,1.6552,09-09,限大额,开放赎回,,10.0,10000.0,1.0,1,0.16%
457001,国富亚洲机会股票(QDII)A,QDII-普通股票,2.9292,09-09,限大额,开放赎回,,10.0,1000.0,1.0,1,0.15%
460010,华泰柏瑞亚洲领导企业混合,QDII-混合偏股,0.9620,09-09,限大额,开放赎回,,10.0,100000.0,1.0,1,0.16%
470888,汇添富香港优势精选混合(QDII)A,QDII-混合偏股,1.2060,09-09,限大额,开放赎回,,10.0,20000000,1.0,1,0.12%
486001,工银全球股票(QDII)人民币,QDII-普通股票,1.2460,09-09,暂停申购,开放赎回,,10.0,100000000000,1.0,4,0.16%
486002,工银全球精选股票(QDII),QDII-普通股票,4.5850,09-09,限大额,开放赎回,,10.0,50000.0,1.0,1,0.16%
501018,南方原油A,QDII-商品,1.9978,09-09,暂停申购,开放赎回,,10.0,1.0,1.0,4,0.12%
501225,景顺长城全球半导体芯片股票A(QDII-LOF)(人民币),QDII-普通股票,2.9945,09-09,暂停申购,开放赎回,,10.0,100.0,1.0,4,0.15%
501226,长城全球新能源车股票发起式(QDII)A,QDII-普通股票,2.7095,09-09,限大额,开放赎回,,10.0,500000.0,1.0,1,0.15%
501300,海富通全球收益债券人民币,QDII-纯债,0.9328,09-09,限大额,开放赎回,,10.0,50000000,1.0,1,0.08%
501312,华宝海外科技股票(QDII-LOF)A,QDII-普通股票,2.3853,09-09,限大额,开放赎回,,10.0,20.0,1.0,1,0.12%
510900,恒生中国企业ETF易方达,指数型-海外股票,1.0320,09-10,场内交易,场内交易,,0,0,0,,
513000,日经225ETF易方达,指数型-海外股票,2.2418,09-10,场内交易,场内交易,,0,0,0,,
513010,恒生科技ETF易方达,指数型-海外股票,0.5675,09-10,场内交易,场内交易,,0,0,0,,
513030,德国ETF华安,指数型-海外股票,1.8284,09-09,场内交易,场内交易,,0,0,0,,
513050,中概互联网ETF易方达,指数型-海外股票,1.0396,09-09,场内交易,场内交易,,0,0,0,,
513060,恒生医疗ETF博时,指数型-海外股票,0.5637,09-10,场内交易,场内交易,,0,0,0,,
513080,法国ETF华安,指数型-海外股票,1.7135,09-09,场内交易,场内交易,,0,0,0,,
513100,纳指ETF国泰,指数型-海外股票,1.9873,09-09,场内交易,场内交易,,0,0,0,,
513110,纳指ETF华泰柏瑞,指数型-海外股票,2.2817,09-09,场内交易,场内交易,,0,0,0,,
513120,港股创新药ETF广发,指数型-海外股票,1.2672,09-10,场内交易,场内交易,,0,0,0,,
513130,恒生科技ETF华泰柏瑞,指数型-海外股票,0.5424,09-10,场内交易,场内交易,,0,0,0,,
513140,港股通金融ETF华泰柏瑞,指数型-海外股票,1.7599,09-10,场内交易,场内交易,,0,0,0,,
513170,恒生央企ETF鹏华,指数型-海外股票,1.6383,09-10,场内交易,场内交易,,0,0,0,,
513180,恒生科技ETF华夏,指数型-海外股票,0.5499,09-10,场内交易,场内交易,,0,0,0,,
513210,恒生ETF易方达,指数型-海外股票,1.4961,09-10,场内交易,场内交易,,0,0,0,,
513220,中概互联ETF招商,指数型-海外股票,0.9084,09-09,场内交易,场内交易,,0,0,0,,
513260,恒生科技ETF汇添富,指数型-海外股票,1.0577,09-10,场内交易,场内交易,,0,0,0,,
513280,恒生生物科技ETF汇添富,指数型-海外股票,1.1029,09-10,场内交易,场内交易,,0,0,0,,
513290,纳指生物科技ETF汇添富,指数型-海外股票,1.7143,09-09,场内交易,场内交易,,0,0,0,,
513300,纳斯达克ETF华夏,指数型-海外股票,2.4567,09-09,场内交易,场内交易,,0,0,0,,
513310,中韩半导体ETF华泰柏瑞,指数型-海外股票,4.4694,09-10,场内交易,场内交易,,0,0,0,,
513330,恒生互联网ETF华夏,指数型-海外股票,0.3499,09-10,场内交易,场内交易,,0,0,0,,
513350,标普油气ETF富国,指数型-海外股票,1.3798,09-09,场内交易,场内交易,,0,0,0,,
513360,教育ETF博时,指数型-海外股票,0.4748,09-09,场内交易,场内交易,,0,0,0,,
513380,恒生科技ETF广发,指数型-海外股票,0.4979,09-10,场内交易,场内交易,,0,0,0,,
513390,纳指100ETF博时,指数型-海外股票,2.2309,09-09,场内交易,场内交易,,0,0,0,,
513400,道琼斯ETF鹏华,指数型-海外股票,1.2913,09-09,场内交易,场内交易,,0,0,0,,
513500,标普500ETF博时,指数型-海外股票,2.4484,09-09,场内交易,场内交易,,0,0,0,,
513520,日经ETF华夏,指数型-海外股票,2.2253,09-10,场内交易,场内交易,,0,0,0,,
513530,港股通红利ETF华泰柏瑞,指数型-海外股票,1.6191,09-10,场内交易,场内交易,,0,0,0,,
513580,恒生科技ETF华安,指数型-海外股票,0.5475,09-10,场内交易,场内交易,,0,0,0,,
513650,标普500ETF南方,指数型-海外股票,1.8645,09-09,场内交易,场内交易,,0,0,0,,
513730,东南亚科技ETF华泰柏瑞,指数型-海外股票,1.1365,09-09,场内交易,场内交易,,0,0,0,,
513800,日本东证指数ETF南方,指数型-海外股票,1.9141,09-10,场内交易,场内交易,,0,0,0,,
513810,港股国企ETF华夏,指数型-海外股票,1.7930,09-10,场内交易,场内交易,,0,0,0,,
513850,美国50ETF易方达,指数型-海外股票,1.7414,09-09,场内交易,场内交易,,0,0,0,,
513870,纳指ETF富国,指数型-海外股票,1.8925,09-09,场内交易,场内交易,,0,0,0,,
513880,日经225ETF华安,指数型-海外股票,2.0776,09-10,场内交易,场内交易,,0,0,0,,
513890,恒生科技ETF摩根,指数型-海外股票,0.8407,09-10,场内交易,场内交易,,0,0,0,,
513950,恒生红利ETF富国,指数型-海外股票,1.2727,09-10,场内交易,场内交易,,0,0,0,,
513970,恒生消费ETF景顺,指数型-海外股票,0.7879,09-10,场内交易,场内交易,,0,0,0,,
519601,海富通中国海外混合,QDII-混合偏股,1.8550,09-09,开放申购,开放赎回,,10.0,100000000000,1.0,1,0.15%
519696,交银环球精选混合(QDII)A,QDII-混合偏股,2.9820,09-09,开放申购,开放赎回,,10.0,100000000000,1.0,1,0.15%
519981,长信标普100等权重指数人民币,指数型-海外股票,2.5850,09-09,限大额,开放赎回,,10.0,100.0,1.0,1,0.14%
520500,恒生创新药ETF华泰柏瑞,指数型-海外股票,1.3686,09-10,场内交易,场内交易,,0,0,0,,
520520,恒生消费ETF华泰柏瑞,指数型-海外股票,0.9158,09-10,场内交易,场内交易,,0,0,0,,
520570,恒生科技ETF南方,指数型-海外股票,0.6941,09-10,场内交易,场内交易,,0,0,0,,
520580,新兴亚洲ETF招商,指数型-海外股票,0.9457,09-09,场内交易,场内交易,,0,0,0,,
520590,恒生科技ETF鹏华,指数型-海外股票,0.7439,09-10,场内交易,场内交易,,0,0,0,,
520830,沙特ETF华泰柏瑞,指数型-海外股票,0.9052,09-09,场内交易,场内交易,,0,0,0,,
520870,巴西ETF易方达,指数型-海外股票,1.1606,09-09,场内交易,场内交易,,0,0,0,,
520920,天弘恒生科技ETF,指数型-海外股票,0.6431,09-10,场内交易,场内交易,,0,0,0,,
539001,建信纳斯达克100指数(QDII)A人民币,指数型-海外股票,3.4389,09-09,限大额,开放赎回,,10.0,10.0,1.0,1,0.12%
539002,建信新兴市场混合(QDII)A,QDII-混合偏股,2.4860,09-09,限大额,开放赎回,,10.0,100.0,1.0,1,0.16%
539003,建信富时100指数(QDII)A人民币,指数型-海外股票,1.5080,09-09,限大额,开放赎回,,10.0,10.0,1.0,1,0.12%
